Date	Open	High	Low	Close	Adj Close	Volume
2018-01-02	13.784614562988281	14.466666221618652	13.784614562988281	14.410256385803223	13.87803840637207	22511845
2018-01-03	14.410256385803223	14.89230728149414	14.410256385803223	14.820511817932129	14.273141860961914	31349247
2018-01-04	14.830768585205078	14.882051467895508	14.625640869140625	14.866665840148926	14.317590713500977	18159638
2018-01-05	14.820511817932129	14.820511817932129	14.600000381469727	14.666666030883789	14.124978065490723	9376298
2018-01-08	14.692307472229004	14.810256004333496	14.461538314819336	14.600000381469727	14.060774803161621	10207150
2018-01-09	14.61025619506836	14.753846168518066	14.564102172851562	14.69743537902832	14.154610633850098	8232394
2018-01-10	14.69743537902832	14.800000190734863	14.574357986450195	14.7641019821167	14.218815803527832	12652231
2018-01-11	14.723075866699219	14.779486656188965	14.605128288269043	14.625640869140625	14.085467338562012	9589887
2018-01-12	14.666666030883789	14.676922798156738	14.333333015441895	14.35897445678711	13.828651428222656	11238491
2018-01-15	14.415384292602539	14.656410217285156	14.15384578704834	14.189743041992188	13.665669441223145	13485985
2018-01-16	14.2410249710083	14.2410249710083	14.010255813598633	14.041025161743164	13.522444725036621	10199824
2018-01-17	14.04615306854248	14.189743041992188	13.897435188293457	14.158973693847656	13.63603687286377	8500521
2018-01-18	14.148716926574707	14.15384578704834	13.974357604980469	14.061537742614746	13.542200088500977	9848905
2018-01-19	14.102563858032227	14.189743041992188	13.953845977783203	14.071793556213379	13.552075386047363	7506168
2018-01-22	14.082051277160645	14.14358901977539	13.94871711730957	14.010255813598633	13.49281120300293	12333789
2018-01-23	14.102563858032227	14.102563858032227	13.938461303710938	14.0	13.48293399810791	11278267
2018-01-24	14.0	14.030769348144531	13.835897445678711	13.969229698181152	13.453300476074219	19856748
2018-01-25	13.938461303710938	14.066665649414062	13.882051467895508	13.94871711730957	13.43354606628418	8446738
2018-01-26	13.974357604980469	14.184615135192871	13.938461303710938	14.092307090759277	13.571832656860352	10001232
2018-01-29	14.287178993225098	14.45641040802002	14.102563858032227	14.179487228393555	13.655792236328125	20121519
2018-01-30	14.11281967163086	14.374358177185059	14.11281967163086	14.225641250610352	13.700242042541504	7844551
2018-01-31	14.133333206176758	14.199999809265137	13.800000190734863	13.856410026550293	13.344647407531738	11764125
2018-02-01	13.856410026550293	13.923075675964355	13.451281547546387	13.635896682739258	13.132279396057129	16414944
2018-02-02	13.620512008666992	13.620512008666992	13.374358177185059	13.39487075805664	12.900154113769531	12871741
2018-02-05	13.317948341369629	13.317948341369629	12.79487133026123	13.025641441345215	12.544562339782715	15276890
2018-02-06	12.80512809753418	13.051281929016113	12.717947959899902	13.010255813598633	12.529745101928711	11855522
2018-02-07	13.128205299377441	13.184615135192871	12.810256004333496	12.912819862365723	12.435907363891602	7214288
2018-02-08	12.943589210510254	13.041025161743164	12.820511817932129	12.969229698181152	12.490233421325684	5473878
2018-02-09	12.717947959899902	13.035897254943848	12.451281547546387	12.784614562988281	12.312437057495117	12183397
2018-02-12	12.86153793334961	13.051281929016113	12.7641019821167	12.994871139526367	12.514928817749023	5057740
2018-02-13	13.010255813598633	13.107691764831543	12.943589210510254	12.974357604980469	12.495172500610352	4531874
2018-02-14	13.041025161743164	13.174358367919922	12.994871139526367	13.102563858032227	12.618643760681152	3873066
2018-02-22	13.205127716064453	13.271794319152832	13.128205299377441	13.138461112976074	12.653215408325195	5350476
2018-02-23	13.215383529663086	13.302563667297363	13.11281967163086	13.271794319152832	12.781624794006348	7065472
2018-02-26	13.338460922241211	13.630768775939941	13.225641250610352	13.558974266052246	13.058197021484375	8256292
2018-02-27	13.641024589538574	13.846153259277344	13.517948150634766	13.69743537902832	13.191544532775879	9152184
2018-02-28	13.743589401245117	13.86153793334961	13.65128231048584	13.774357795715332	13.265625	9409414
2018-03-01	13.671793937683105	13.98974323272705	13.671793937683105	13.887179374694824	13.374279975891113	7675820
2018-03-02	13.789743423461914	14.092307090759277	13.748717308044434	13.994871139526367	13.477994918823242	12346795
2018-03-05	14.025641441345215	14.348716735839844	14.025641441345215	14.230769157409668	13.705181121826172	13318968
2018-03-06	14.333333015441895	14.600000381469727	14.205127716064453	14.558974266052246	14.02126407623291	21394573
2018-03-07	14.574357986450195	14.641024589538574	14.292306900024414	14.333333015441895	13.803956031799316	13523006
2018-03-08	14.271794319152832	14.641024589538574	14.271794319152832	14.600000381469727	14.060774803161621	13796314
2018-03-09	14.65128231048584	14.65128231048584	14.435896873474121	14.569230079650879	14.031140327453613	7439532
2018-03-12	14.615384101867676	14.743589401245117	14.538460731506348	14.605128288269043	14.065713882446289	12833209
2018-03-13	14.605128288269043	14.605128288269043	14.30769157409668	14.312820434570312	13.784202575683594	9520771
2018-03-14	14.420512199401855	14.579486846923828	14.333333015441895	14.476922988891602	13.942242622375488	12192534
2018-03-15	14.476922988891602	14.476922988891602	14.0	14.082051277160645	13.561954498291016	11907281
2018-03-16	14.030769348144531	14.271794319152832	14.030769348144531	14.061537742614746	13.542200088500977	10384492
2018-03-19	14.138461112976074	14.476922988891602	14.01538372039795	14.461538314819336	13.9274263381958	11824589
2018-03-20	14.446152687072754	14.702564239501953	14.266666412353516	14.620512008666992	14.08052921295166	15745902
2018-03-21	14.738460540771484	14.738460540771484	14.451281547546387	14.461538314819336	13.9274263381958	12241126
2018-03-22	14.461538314819336	14.574357986450195	14.246152877807617	14.317948341369629	13.789139747619629	8188069
2018-03-23	13.846153259277344	14.323076248168945	13.846153259277344	14.30769157409668	13.77926254272461	14641748
2018-03-26	14.107691764831543	14.687178611755371	13.95897388458252	14.676922798156738	14.134856224060059	14035489
2018-03-27	14.851282119750977	15.471794128417969	14.815383911132812	15.384614944458008	14.816411018371582	44132542
2018-03-28	15.271794319152832	15.656410217285156	15.205127716064453	15.39487075805664	14.826289176940918	29406988
2018-03-29	15.384614944458008	15.487178802490234	15.025641441345215	15.102563858032227	14.544777870178223	16581735
2018-03-30	15.087179183959961	15.466666221618652	15.076923370361328	15.420512199401855	14.850982666015625	15375980
2018-04-02	15.369230270385742	15.528204917907715	15.138461112976074	15.246152877807617	14.683062553405762	16382203
2018-04-03	15.128205299377441	15.733332633972168	15.066665649414062	15.379487037658691	14.811471939086914	19187705
2018-04-04	15.641024589538574	15.717947959899902	15.292306900024414	15.353845596313477	14.786778450012207	15998190
2018-04-09	15.348716735839844	15.743589401245117	15.020511627197266	15.743589401245117	15.162126541137695	22255950
2018-04-10	15.784614562988281	15.784614562988281	15.39487075805664	15.589742660522461	15.013962745666504	12919374
2018-04-11	15.615384101867676	15.994871139526367	15.49230670928955	15.743589401245117	15.162126541137695	17102067
2018-04-12	15.784614562988281	16.205127716064453	15.692307472229004	15.98974323272705	15.399189949035645	17939491
2018-04-13	16.05128288269043	16.399999618530273	15.692307472229004	15.79487133026123	15.211514472961426	16822098
2018-04-16	15.753846168518066	16.0256404876709	15.528204917907715	15.676922798156738	15.097922325134277	14554164
2018-04-17	15.687178611755371	15.769229888916016	15.2410249710083	15.353845596313477	14.786778450012207	11366037
2018-04-18	15.425641059875488	15.523076057434082	15.082051277160645	15.471794128417969	14.900370597839355	8480908
2018-04-19	15.384614944458008	15.835897445678711	15.271794319152832	15.589742660522461	15.013962745666504	9058233
2018-04-20	15.543588638305664	15.666666030883789	15.205127716064453	15.374358177185059	14.806532859802246	9803445
2018-04-23	15.282051086425781	15.30769157409668	14.15384578704834	14.230769157409668	13.705181121826172	35582303
2018-04-24	14.282051086425781	14.564102172851562	14.282051086425781	14.430768966674805	13.897793769836426	15093315
2018-04-25	14.420512199401855	14.943589210510254	14.333333015441895	14.866665840148926	14.317590713500977	15956752
2018-04-26	14.856410026550293	15.199999809265137	14.564102172851562	14.810256004333496	14.263263702392578	14730093
2018-04-27	14.102563858032227	14.774357795715332	13.856410026550293	14.656410217285156	14.11510181427002	19401476
2018-05-02	14.769229888916016	15.184615135192871	14.666666030883789	15.179487228393555	14.61885929107666	15415210
2018-05-03	15.179487228393555	15.179487228393555	14.569230079650879	14.974357604980469	14.421305656433105	18524571
2018-05-04	14.95897388458252	15.374358177185059	14.846153259277344	15.348716735839844	14.781839370727539	16179368
2018-05-07	15.430768966674805	15.692307472229004	15.35897445678711	15.415384292602539	14.846043586730957	16556896
2018-05-08	15.435896873474121	15.769229888916016	15.435896873474121	15.517948150634766	14.944819450378418	12917375
2018-05-09	15.466666221618652	15.912819862365723	15.384614944458008	15.907691955566406	15.320169448852539	18720171
2018-05-10	15.953845977783203	17.30769157409668	15.953845977783203	16.964101791381836	16.337562561035156	55602091
2018-05-11	17.210256576538086	17.989742279052734	16.907691955566406	17.082050323486328	16.451154708862305	65695065
2018-05-14	17.343589782714844	17.958974838256836	17.076923370361328	17.933332443237305	17.27099609375	58540825
2018-05-15	17.846153259277344	18.179487228393555	17.594871520996094	18.046152114868164	17.379648208618164	38860810
2018-05-16	18.71794891357422	18.964101791381836	18.09230613708496	18.153846740722656	17.483366012573242	58408211
2018-05-17	18.353845596313477	18.687179565429688	17.96923065185547	18.09230613708496	17.424097061157227	31660412
2018-05-18	18.0	18.384614944458008	17.61025619506836	18.071794509887695	17.404342651367188	30536405
2018-05-21	18.05128288269043	18.148717880249023	17.692306518554688	17.89743423461914	17.23642349243164	34094714
2018-05-22	17.733333587646484	19.184614181518555	17.733333587646484	18.96923065185547	18.268634796142578	52998476
2018-05-23	18.830768585205078	19.184614181518555	18.482051849365234	18.758974075317383	18.066143035888672	25993349
2018-05-24	18.764102935791016	19.10769271850586	18.543588638305664	18.651281356811523	17.96242904663086	21622810
2018-05-25	18.61538314819336	19.210256576538086	18.461538314819336	18.83589744567871	18.140226364135742	27532328
2018-05-28	18.964101791381836	19.271793365478516	18.384614944458008	18.871793746948242	18.17479705810547	27161608
2018-05-29	18.769229888916016	19.30769157409668	17.430768966674805	17.64615249633789	16.994422912597656	51045811
2018-05-30	17.384614944458008	18.246152877807617	17.271793365478516	17.80512809753418	17.147525787353516	43701448
2018-05-31	18.19487190246582	18.702564239501953	17.80512809753418	18.507692337036133	17.824142456054688	30135456
2018-06-01	18.620512008666992	18.794870376586914	17.75384521484375	18.0	17.3351993560791	27312481
2018-06-04	17.984615325927734	18.138460159301758	17.466665267944336	17.9794864654541	17.315446853637695	22027240
2018-06-05	18.128204345703125	18.84102439880371	18.123075485229492	18.569229125976562	17.883407592773438	27245191
2018-06-06	18.451282501220703	18.72820472717285	18.28205108642578	18.564102172851562	17.878469467163086	19403176
2018-06-07	18.656410217285156	18.692306518554688	17.96923065185547	17.984615325927734	17.320383071899414	21183760
2018-06-08	17.846153259277344	18.200000762939453	17.75384521484375	17.989742279052734	17.3253231048584	17833471
2018-06-11	18.020511627197266	18.041025161743164	17.61538314819336	17.80512809753418	17.147525787353516	15884641
2018-06-12	18.25128173828125	18.399999618530273	17.594871520996094	18.05640983581543	17.389528274536133	27915129
2018-06-13	18.30769157409668	18.317947387695312	17.138460159301758	17.16410255432129	16.530176162719727	33721950
2018-06-14	16.964101791381836	17.179487228393555	16.769229888916016	16.902563095092773	16.278295516967773	26376944
2018-06-15	16.953845977783203	17.153846740722656	16.466665267944336	16.61538314819336	16.00172233581543	19046919
2018-06-19	16.41538429260254	17.123075485229492	16.179487228393555	16.512819290161133	15.902947425842285	32715930
2018-06-20	16.538461685180664	16.923076629638672	16.041025161743164	16.851282119750977	16.228910446166992	22649926
2018-06-21	16.856409072875977	17.102563858032227	16.35897445678711	16.410255432128906	15.804170608520508	22451094
2018-06-22	16.215383529663086	16.569229125976562	15.897435188293457	16.451282501220703	15.843683242797852	13436732
2018-06-25	16.512819290161133	16.712820053100586	16.22051239013672	16.517948150634766	15.907886505126953	13650185
2018-06-26	16.30769157409668	16.66666603088379	16.153846740722656	16.517948150634766	15.907886505126953	10037303
2018-06-27	16.451282501220703	16.764102935791016	15.835897445678711	16.128204345703125	15.678565979003906	19970361
2018-06-28	16.076923370361328	16.158973693847656	15.846153259277344	15.866665840148926	15.424318313598633	12480407
2018-06-29	15.897435188293457	16.605127334594727	15.897435188293457	16.492307662963867	16.03251838684082	11907524
2018-07-02	16.4769229888916	16.94871711730957	16.271793365478516	16.399999618530273	15.94278335571289	13671695
2018-07-03	16.399999618530273	16.764102935791016	15.94871711730957	16.72820472717285	16.261838912963867	16780315
2018-07-04	16.856409072875977	17.9794864654541	16.733333587646484	17.743589401245117	17.24891471862793	38225742
2018-07-05	17.569229125976562	17.887178421020508	17.148717880249023	17.482051849365234	16.99466896057129	17455222
2018-07-06	17.461538314819336	17.743589401245117	16.75384521484375	17.153846740722656	16.675613403320312	16636939
2018-07-09	17.148717880249023	18.046152114868164	16.989742279052734	17.933332443237305	17.433368682861328	19266616
2018-07-10	17.89743423461914	18.14358901977539	17.630769729614258	17.83589744567871	17.33864974975586	14275934
2018-07-11	17.538461685180664	17.789743423461914	17.261537551879883	17.72820472717285	17.23396110534668	9853326
2018-07-12	17.81025505065918	18.343589782714844	17.733333587646484	17.94871711730957	17.44832420349121	22470811
2018-07-13	17.89743423461914	18.297435760498047	17.78461456298828	17.953845977783203	17.453310012817383	20490668
2018-07-16	17.994871139526367	19.015384674072266	17.794870376586914	18.789743423461914	18.26590347290039	33295939
2018-07-17	19.200000762939453	19.27692222595215	18.102563858032227	18.36410140991211	17.852128982543945	31654936
2018-07-18	18.374357223510742	18.487178802490234	17.964101791381836	18.128204345703125	17.6228084564209	15666734
2018-07-19	18.005128860473633	18.133333206176758	17.246152877807617	17.72307586669922	17.228971481323242	25643849
2018-07-20	17.75384521484375	17.933332443237305	17.594871520996094	17.830768585205078	17.333663940429688	10420369
2018-07-23	16.16410255432129	17.117948532104492	16.046152114868164	16.061538696289062	15.613758087158203	95302322
2018-07-24	16.153846740722656	17.082050323486328	16.148717880249023	16.625640869140625	16.162134170532227	79174810
2018-07-25	16.81025505065918	18.287179946899414	16.72820472717285	18.287179946899414	17.77735137939453	60751899
2018-07-26	18.461538314819336	18.943588256835938	18.205127716064453	18.61025619506836	18.091419219970703	57854296
2018-07-27	18.64102554321289	18.712820053100586	17.902563095092773	18.179487228393555	17.67266082763672	35296446
2018-07-30	18.179487228393555	18.287179946899414	17.30256462097168	17.682050704956055	17.189090728759766	40644087
2018-07-31	17.651281356811523	17.866666793823242	16.97435760498047	17.189743041992188	16.71051025390625	29349081
2018-08-01	17.28205108642578	17.425640106201172	16.856409072875977	16.923076629638672	16.451278686523438	22878012
2018-08-02	16.866666793823242	17.333332061767578	16.410255432128906	17.30769157409668	16.825170516967773	36199846
2018-08-03	17.09230613708496	17.128204345703125	16.05128288269043	16.30769157409668	15.853048324584961	32601182
2018-08-06	16.153846740722656	16.30769157409668	15.420512199401855	15.471794128417969	15.04045581817627	35183144
2018-08-07	15.666666030883789	16.266666412353516	15.425641059875488	16.179487228393555	15.728418350219727	26029454
2018-08-08	15.933333396911621	16.184614181518555	15.630768775939941	15.666666030883789	15.229894638061523	16807274
2018-08-09	15.589742660522461	16.83589744567871	15.538460731506348	16.538461685180664	16.0773868560791	25462230
2018-08-10	16.523075103759766	17.14358901977539	16.492307662963867	16.64102554321289	16.17708969116211	27042740
2018-08-13	16.379486083984375	17.0	16.379486083984375	16.89230728149414	16.42136573791504	17975082
2018-08-14	16.820512771606445	17.215383529663086	16.71794891357422	17.066665649414062	16.590862274169922	15244035
2018-08-15	17.010255813598633	17.082050323486328	16.205127716064453	16.323076248168945	15.86800479888916	17185634
2018-08-16	16.066665649414062	16.846153259277344	15.984615325927734	16.410255432128906	15.952754020690918	14437452
2018-08-17	16.451282501220703	16.61538314819336	15.769229888916016	15.897435188293457	15.454229354858398	20408842
2018-08-20	15.882051467895508	15.933333396911621	14.30769157409668	15.076923370361328	14.656593322753906	48301414
2018-08-21	14.917947769165039	15.897435188293457	14.887179374694824	15.846153259277344	15.404377937316895	26941159
2018-08-22	15.748717308044434	16.10769271850586	15.682050704956055	15.815383911132812	15.374466896057129	14112924
2018-08-23	15.789743423461914	16.05128288269043	15.615384101867676	15.830768585205078	15.389422416687012	10452555
2018-08-24	15.789743423461914	17.05640983581543	15.789743423461914	16.820512771606445	16.351572036743164	28887592
2018-08-27	16.789743423461914	18.5025634765625	16.656410217285156	18.5025634765625	17.986730575561523	50168176
2018-08-28	18.384614944458008	18.58974266052246	17.882051467895508	18.215383529663086	17.707555770874023	35184920
2018-08-29	18.256410598754883	18.333332061767578	17.94871711730957	18.256410598754883	17.747438430786133	19214465
2018-08-30	18.235897064208984	18.42051124572754	17.820512771606445	17.964101791381836	17.463279724121094	18634172
2018-08-31	17.789743423461914	18.0256404876709	17.399999618530273	17.47179412841797	16.984697341918945	20493144
2018-09-03	17.579486846923828	18.343589782714844	17.52820587158203	18.14358901977539	17.63776206970215	25402033
2018-09-04	18.11281967163086	18.205127716064453	17.451282501220703	17.871793746948242	17.373544692993164	25349994
2018-09-05	17.820512771606445	18.041025161743164	17.456409454345703	17.61025619506836	17.119300842285156	18910160
2018-09-06	17.435897827148438	18.05128288269043	17.33846092224121	17.769229888916016	17.273841857910156	18871620
2018-09-07	17.769229888916016	18.384614944458008	17.769229888916016	18.082050323486328	17.577939987182617	25788291
2018-09-10	18.461538314819336	18.61538314819336	17.846153259277344	18.076923370361328	17.572956085205078	23837907
2018-09-11	17.97435760498047	18.435897827148438	17.661537170410156	17.938461303710938	17.4383544921875	19872875
2018-09-12	18.05128288269043	18.55384635925293	17.89743423461914	18.03589630126953	17.533071517944336	28704670
2018-09-13	18.215383529663086	18.333332061767578	16.30769157409668	17.369230270385742	16.884990692138672	49243088
2018-09-14	17.10769271850586	17.512819290161133	16.994871139526367	17.200000762939453	16.72047996520996	17608490
2018-09-17	17.128204345703125	17.25128173828125	16.769229888916016	16.89230728149414	16.42136573791504	9901318
2018-09-18	16.72307586669922	17.44615364074707	16.72307586669922	17.410255432128906	16.924875259399414	14755788
2018-09-19	17.435897827148438	17.820512771606445	17.28205108642578	17.64615249633789	17.15419578552246	17601630
2018-09-20	17.579486846923828	17.86153793334961	17.44615364074707	17.64102554321289	17.149211883544922	12034957
2018-09-21	17.77435874938965	18.041025161743164	17.61025619506836	18.041025161743164	17.53805923461914	18284494
2018-09-25	17.907691955566406	18.015384674072266	17.707691192626953	17.89743423461914	17.39847183227539	12609522
2018-09-26	17.89230728149414	18.297435760498047	17.635896682739258	17.994871139526367	17.49319076538086	23370003
2018-09-27	18.0	19.58974266052246	17.89230728149414	19.317947387695312	18.779382705688477	54138148
2018-09-28	19.23076820373535	19.538461685180664	19.082050323486328	19.435897827148438	18.894044876098633	31908271
2018-10-08	19.08717918395996	19.42051124572754	18.794870376586914	18.923076629638672	18.395519256591797	24782893
2018-10-09	18.923076629638672	19.830768585205078	18.923076629638672	19.205127716064453	18.669706344604492	32474945
2018-10-10	19.241025924682617	19.28205108642578	17.89743423461914	18.384614944458008	17.8720703125	30459485
2018-10-11	17.435897827148438	18.55384635925293	17.179487228393555	17.943588256835938	17.44333839416504	29553225
2018-10-12	18.0	18.538461685180664	17.89230728149414	18.256410598754883	17.747438430786133	24597732
2018-10-15	18.35897445678711	19.128204345703125	18.35897445678711	18.435897827148438	17.92192268371582	24067106
2018-10-16	18.35897445678711	19.128204345703125	17.35897445678711	18.133333206176758	17.627792358398438	30774439
2018-10-17	18.564102172851562	18.661537170410156	17.076923370361328	17.538461685180664	17.04950523376465	30353315
2018-10-18	17.205127716064453	17.30769157409668	16.564102172851562	16.712820053100586	16.24688148498535	22777595
2018-10-19	16.256410598754883	18.317947387695312	16.205127716064453	18.148717880249023	17.642749786376953	30146177
2018-10-22	18.461538314819336	19.656410217285156	18.36410140991211	19.441024780273438	18.89902687072754	44831826
2018-10-23	19.348716735839844	20.179487228393555	19.246152877807617	19.620512008666992	19.073511123657227	46216663
2018-10-24	19.538461685180664	19.671794891357422	18.923076629638672	19.205127716064453	18.669706344604492	28266811
2018-10-25	18.882051467895508	19.292306900024414	18.41538429260254	19.0256404876709	18.495223999023438	39876281
2018-10-26	19.235897064208984	19.764102935791016	18.579486846923828	18.794870376586914	18.27088737487793	32906495
2018-10-29	18.461538314819336	18.461538314819336	17.05128288269043	17.994871139526367	17.49319076538086	31529633
2018-10-30	17.692306518554688	17.692306518554688	16.19487190246582	16.964101791381836	16.49115753173828	73054470
2018-10-31	16.91282081604004	17.605127334594727	16.769229888916016	17.497434616088867	17.00962257385254	33999061
2018-11-01	17.676923751831055	18.14358901977539	17.538461685180664	17.707691192626953	17.214017868041992	33560447
2018-11-02	18.061538696289062	18.902563095092773	17.94871711730957	18.825641632080078	18.300800323486328	37340126
2018-11-05	18.743589401245117	19.179487228393555	18.179487228393555	18.923076629638672	18.395519256591797	36107385
2018-11-06	18.97435760498047	19.184614181518555	18.58974266052246	19.148717880249023	18.614870071411133	29972231
2018-11-07	19.10769271850586	19.10769271850586	18.61538314819336	18.61538314819336	18.096403121948242	27332984
2018-11-08	18.77435874938965	19.076923370361328	18.517948150634766	18.564102172851562	18.046554565429688	26670559
2018-11-09	18.256410598754883	18.75384521484375	17.89743423461914	18.461538314819336	17.946847915649414	24631286
2018-11-12	18.564102172851562	19.061538696289062	18.14358901977539	19.05128288269043	18.520151138305664	31594759
2018-11-13	18.794870376586914	19.482051849365234	18.769229888916016	19.148717880249023	18.614870071411133	36537705
2018-11-14	19.128204345703125	19.692306518554688	18.902563095092773	19.492307662963867	18.948881149291992	33566488
2018-11-15	19.384614944458008	19.53333282470703	19.11281967163086	19.517948150634766	18.97380828857422	21358203
2018-11-16	19.42051124572754	19.482051849365234	18.52820587158203	18.846153259277344	18.320741653442383	43354077
2018-11-19	18.815383911132812	19.117948532104492	18.71794891357422	18.77948760986328	18.25593376159668	23264096
2018-11-20	18.72820472717285	19.517948150634766	18.692306518554688	19.205127716064453	18.669706344604492	34107256
2018-11-21	18.846153259277344	20.33846092224121	18.61538314819336	20.097434997558594	19.537137985229492	56810190
2018-11-22	20.010255813598633	20.200000762939453	19.635896682739258	20.061538696289062	19.502243041992188	30565362
2018-11-23	19.89230728149414	20.287179946899414	19.492307662963867	19.758974075317383	19.208112716674805	29773996
2018-11-26	19.758974075317383	20.09230613708496	19.28205108642578	19.676923751831055	19.12834930419922	24753177
2018-11-27	19.94871711730957	20.041025161743164	19.138460159301758	19.600000381469727	19.053569793701172	24679796
2018-11-28	19.487178802490234	19.743589401245117	19.27692222595215	19.687179565429688	19.13831901550293	20280456
2018-11-29	19.820512771606445	19.9794864654541	19.102563858032227	19.117948532104492	18.584957122802734	27275905
2018-11-30	18.97435760498047	19.461538314819336	18.820512771606445	19.374357223510742	18.834218978881836	18169875
2018-12-03	19.78461456298828	20.323076248168945	19.441024780273438	20.16410255432129	19.601945877075195	36426657
2018-12-04	20.005128860473633	20.435897827148438	19.938461303710938	20.33846092224121	19.77144432067871	30896071
2018-12-05	20.11281967163086	20.769229888916016	20.0256404876709	20.69743537902832	20.120410919189453	30817827
2018-12-06	20.47179412841797	20.77435874938965	19.620512008666992	19.707691192626953	19.15825843811035	41590116
2018-12-07	19.846153259277344	19.876922607421875	18.923076629638672	19.374357223510742	18.834218978881836	33177097
2018-12-10	19.16410255432129	19.564102172851562	18.923076629638672	19.35897445678711	18.819265365600586	23186200
2018-12-11	19.425640106201172	19.58974266052246	18.96923065185547	19.410255432128906	18.869117736816406	17980201
2018-12-12	19.38974380493164	19.512819290161133	19.0256404876709	19.235897064208984	18.699617385864258	14731608
2018-12-13	19.261537551879883	19.569229125976562	18.989742279052734	19.517948150634766	18.97380828857422	23556651
2018-12-14	19.333332061767578	19.333332061767578	17.564102172851562	17.564102172851562	17.074430465698242	93644405
2018-12-17	17.23076820373535	17.461538314819336	16.871793746948242	17.19487190246582	16.715496063232422	39916225
2018-12-18	17.200000762939453	17.538461685180664	17.128204345703125	17.22051239013672	16.740421295166016	21980729
2018-12-19	17.35897445678711	17.38974380493164	16.451282501220703	16.61538314819336	16.152162551879883	34077152
2018-12-20	16.61538314819336	16.81025505065918	16.42051124572754	16.55897331237793	16.09732437133789	20963145
2018-12-21	16.548717498779297	16.661537170410156	16.246152877807617	16.487178802490234	16.02753257751465	19697049
2018-12-24	16.41538429260254	16.97435760498047	16.312820434570312	16.907691955566406	16.436321258544922	18853851
2018-12-25	16.661537170410156	17.0	16.605127334594727	16.97435760498047	16.501127243041992	18432846
2018-12-26	16.89743423461914	17.210256576538086	16.89743423461914	17.05128288269043	16.575910568237305	17282491
2018-12-27	17.256410598754883	17.333332061767578	16.820512771606445	16.820512771606445	16.351572036743164	15937788
2018-12-28	16.820512771606445	16.97435760498047	16.66666603088379	16.820512771606445	16.351572036743164	11682065
2019-01-02	16.71794891357422	16.89230728149414	15.184615135192871	15.328205108642578	14.900869369506836	53415985
2019-01-03	15.292306900024414	15.676922798156738	15.266666412353516	15.441024780273438	15.010543823242188	22554558
2019-01-04	15.441024780273438	16.05128288269043	15.441024780273438	16.03589630126953	15.588831901550293	21328277
2019-01-07	16.210256576538086	16.22051239013672	15.784614562988281	15.98974323272705	15.543963432312012	16950185
2019-01-08	16.0	16.30256462097168	15.871793746948242	16.10769271850586	15.658624649047852	13467015
2019-01-09	16.184614181518555	16.405128479003906	16.010255813598633	16.05640983581543	15.608773231506348	16649113
2019-01-10	16.09230613708496	16.097434997558594	15.517948150634766	15.702564239501953	15.264791488647461	18875042
2019-01-11	15.789743423461914	15.923075675964355	15.641024589538574	15.851282119750977	15.40936279296875	11475724
2019-01-14	15.851282119750977	16.379486083984375	15.564102172851562	15.671793937683105	15.234879493713379	24826093
2019-01-15	15.702564239501953	16.174358367919922	15.384614944458008	16.117948532104492	15.668595314025879	16689574
2019-01-16	16.102563858032227	16.748716354370117	15.95897388458252	16.64615249633789	16.18207359313965	27907467
2019-01-17	16.512819290161133	16.75384521484375	16.47179412841797	16.548717498779297	16.087356567382812	13712704
2019-01-18	16.548717498779297	16.91794776916504	16.369230270385742	16.825641632080078	16.35655975341797	18592891
2019-01-21	16.96923065185547	17.55897331237793	16.928205490112305	17.28205108642578	16.80024528503418	26482924
2019-01-22	17.292306900024414	17.333332061767578	16.902563095092773	17.102563858032227	16.625761032104492	12402294
2019-01-23	17.076923370361328	17.25128173828125	16.876922607421875	17.102563858032227	16.625761032104492	8224575
2019-01-24	17.102563858032227	17.16410255432129	16.815383911132812	17.11281967163086	16.635730743408203	9800547
2019-01-25	17.076923370361328	17.461538314819336	16.923076629638672	17.27692222595215	16.795257568359375	11736667
2019-01-28	17.323076248168945	17.507692337036133	17.03076934814453	17.235897064208984	16.7553768157959	9545263
2019-01-29	17.153846740722656	17.523075103759766	17.153846740722656	17.317947387695312	16.83513832092285	8446688
2019-01-30	17.246152877807617	17.487178802490234	16.77435874938965	16.830768585205078	16.361541748046875	12608382
2019-01-31	16.820512771606445	17.410255432128906	16.815383911132812	17.235897064208984	16.7553768157959	13335285
2019-02-01	17.287179946899414	17.77435874938965	17.205127716064453	17.692306518554688	17.199060440063477	14965553
2019-02-11	17.22564125061035	17.733333587646484	17.08717918395996	17.733333587646484	17.23894500732422	32258173
2019-02-12	17.676923751831055	18.574357986450195	17.548717498779297	18.512819290161133	17.996700286865234	34644240
2019-02-13	18.399999618530273	18.989742279052734	18.312820434570312	18.77948760986328	18.25593376159668	29085265
2019-02-14	18.671794891357422	18.769229888916016	18.461538314819336	18.630769729614258	18.11136245727539	13575658
2019-02-15	18.625640869140625	18.748716354370117	18.33846092224121	18.39487075805664	17.88204002380371	11708363
2019-02-18	18.410255432128906	19.0	18.353845596313477	18.89743423461914	18.37059211730957	18639355
2019-02-19	19.010255813598633	19.0256404876709	18.020511627197266	18.158973693847656	17.652719497680664	31505806
2019-02-20	18.0	18.317947387695312	17.820512771606445	18.292306900024414	17.782333374023438	21015612
2019-02-21	18.097434997558594	18.548717498779297	18.09230613708496	18.19487190246582	17.6876163482666	16615056
2019-02-22	18.16922950744629	18.205127716064453	17.692306518554688	18.200000762939453	17.692602157592773	23926769
2019-02-25	18.158973693847656	18.89743423461914	17.989742279052734	18.871793746948242	18.345664978027344	36056629
2019-02-26	19.94871711730957	20.758974075317383	19.538461685180664	19.66666603088379	19.118377685546875	74091876
2019-02-27	19.687179565429688	20.03076934814453	19.16922950744629	19.441024780273438	18.89902687072754	32804949
2019-02-28	19.374357223510742	20.066665649414062	19.35897445678711	19.851282119750977	19.297847747802734	29356797
2019-03-01	19.9794864654541	20.0	19.435897827148438	19.91282081604004	19.357669830322266	17315959
2019-03-04	19.902563095092773	20.410255432128906	19.820512771606445	19.94871711730957	19.392566680908203	35853476
2019-03-05	19.856409072875977	20.153846740722656	19.794870376586914	20.10769271850586	19.547109603881836	18316094
2019-03-06	20.189743041992188	20.30769157409668	19.620512008666992	19.94871711730957	19.392566680908203	21648131
2019-03-07	19.953845977783203	19.958974838256836	19.425640106201172	19.600000381469727	19.053569793701172	24490028
2019-03-08	19.384614944458008	20.384614944458008	19.23076820373535	19.630769729614258	19.08348274230957	33071106
2019-03-11	19.58974266052246	21.28205108642578	19.58461570739746	21.153846740722656	20.564096450805664	49502105
2019-03-12	21.36410140991211	21.405128479003906	20.512819290161133	20.830768585205078	20.250028610229492	35275384
2019-03-13	20.769229888916016	22.271793365478516	20.71794891357422	21.856409072875977	21.247074127197266	49014351
2019-03-14	21.538461685180664	22.133333206176758	21.35897445678711	21.769229888916016	21.162322998046875	24262826
2019-03-15	21.769229888916016	22.902563095092773	21.64615249633789	22.574357986450195	21.94500732421875	28029005
2019-03-18	22.799999237060547	23.52820587158203	22.625640869140625	23.138460159301758	22.49338150024414	30099550
2019-03-19	23.179487228393555	23.52820587158203	22.512819290161133	22.799999237060547	22.164358139038086	25458088
2019-03-20	22.625640869140625	22.81025505065918	21.887178421020508	22.435897827148438	21.810405731201172	23318039
2019-03-21	22.30769157409668	22.30769157409668	21.492307662963867	21.94871711730957	21.336807250976562	51932497
2019-03-22	21.733333587646484	22.179487228393555	21.620512008666992	22.11281967163086	21.496335983276367	27271658
2019-03-25	21.72307586669922	21.94871711730957	21.441024780273438	21.487178802490234	20.888137817382812	22167557
2019-03-26	21.630769729614258	21.964101791381836	21.435897827148438	21.671794891357422	21.06760597229004	24821310
2019-03-27	21.89743423461914	22.492307662963867	21.743589401245117	22.0	21.386661529541016	39870745
2019-03-28	22.19487190246582	22.702564239501953	21.94871711730957	22.548717498779297	21.920080184936523	35692573
2019-03-29	22.564102172851562	23.158973693847656	22.05640983581543	23.076923370361328	22.433561325073242	45990605
2019-04-01	23.041025161743164	23.682050704956055	22.928205490112305	23.27692222595215	22.62798500061035	39690116
2019-04-02	23.22051239013672	23.22051239013672	22.55897331237793	22.692306518554688	22.059667587280273	28317855
2019-04-03	22.702564239501953	23.148717880249023	22.69743537902832	23.0256404876709	22.383708953857422	21715989
2019-04-04	23.076923370361328	23.16922950744629	22.564102172851562	22.943588256835938	22.30394172668457	18809021
2019-04-08	22.871793746948242	23.323076248168945	22.564102172851562	22.748716354370117	22.114503860473633	20300515
2019-04-09	22.66666603088379	23.794870376586914	22.564102172851562	23.651281356811523	22.991907119750977	26174791
2019-04-10	23.671794891357422	24.066665649414062	23.30256462097168	23.825641632080078	23.161405563354492	25431295
2019-04-11	23.89743423461914	23.9794864654541	22.333332061767578	22.384614944458008	21.760555267333984	36058456
2019-04-12	22.461538314819336	22.820512771606445	22.0	22.482051849365234	21.855274200439453	16448355
2019-04-15	22.75384521484375	22.81025505065918	21.758974075317383	21.769229888916016	21.162322998046875	21488961
2019-04-16	21.907691955566406	22.256410598754883	21.605127334594727	22.205127716064453	21.586071014404297	15155641
2019-04-17	22.205127716064453	22.430768966674805	22.05640983581543	22.210256576538086	21.59105682373047	11414677
2019-04-18	22.246152877807617	22.25128173828125	21.748716354370117	21.994871139526367	21.381675720214844	10238631
2019-04-19	21.902563095092773	22.399999618530273	21.902563095092773	22.297435760498047	21.675806045532227	11444575
2019-04-22	22.28205108642578	22.71794891357422	22.102563858032227	22.461538314819336	21.835330963134766	15609882
2019-04-23	22.374357223510742	22.512819290161133	22.0	22.317947387695312	21.695743560791016	12369828
2019-04-24	22.35897445678711	22.512819290161133	21.799999237060547	22.256410598754883	21.635923385620117	11761085
2019-04-25	22.30769157409668	22.71794891357422	22.22051239013672	22.343589782714844	21.720670700073242	18926097
2019-04-26	21.794870376586914	21.97435760498047	21.138460159301758	21.410255432128906	20.813358306884766	19456462
2019-05-06	21.179487228393555	21.605127334594727	19.994871139526367	20.441024780273438	19.871150970458984	23807138
2019-05-07	20.487178802490234	21.246152877807617	20.4769229888916	21.076923370361328	20.48931884765625	19495786
2019-05-08	20.707691192626953	21.435897827148438	20.543588638305664	21.27692222595215	20.683744430541992	16320856
2019-05-09	21.256410598754883	21.256410598754883	20.630769729614258	20.81025505065918	20.230085372924805	13131198
2019-05-10	20.923076629638672	21.707691192626953	20.815383911132812	21.707691192626953	21.102502822875977	16129971
2019-05-13	21.487178802490234	22.041025161743164	21.41538429260254	21.61538314819336	21.012767791748047	12472147
2019-05-14	21.52820587158203	21.928205490112305	21.435897827148438	21.661537170410156	21.057632446289062	8942678
2019-05-15	21.83589744567871	22.605127334594727	21.738460540771484	22.517948150634766	21.890169143676758	16510575
2019-05-16	22.517948150634766	22.687179565429688	22.30769157409668	22.61025619506836	21.979904174804688	9601269
2019-05-17	22.605127334594727	22.846153259277344	22.020511627197266	22.076923370361328	21.46143913269043	12437620
2019-05-20	22.16410255432129	22.19487190246582	21.55384635925293	22.0	21.386661529541016	9614120
2019-05-21	21.882051467895508	22.748716354370117	21.856409072875977	22.492307662963867	21.865243911743164	15144704
2019-05-22	22.451282501220703	22.71794891357422	22.05640983581543	22.594871520996094	21.964948654174805	11246482
2019-05-23	22.5025634765625	22.5025634765625	21.605127334594727	21.743589401245117	21.13739776611328	12724881
2019-05-24	21.733333587646484	21.943588256835938	21.03076934814453	21.374357223510742	20.778461456298828	13652809
2019-05-27	21.36410140991211	21.86153793334961	21.184614181518555	21.676923751831055	21.07259178161621	11558966
2019-05-28	21.574357986450195	21.94871711730957	21.569229125976562	21.78461456298828	21.177282333374023	8793133
2019-05-29	21.594871520996094	21.77948760986328	21.287179946899414	21.487178802490234	20.888137817382812	9745066
2019-05-30	21.353845596313477	21.651281356811523	21.0	21.579486846923828	20.977872848510742	10585352
2019-05-31	21.58974266052246	21.769229888916016	21.384614944458008	21.625640869140625	21.022737503051758	7260271
2019-06-03	21.61538314819336	22.235897064208984	21.58461570739746	22.015384674072266	21.401615142822266	13608092
2019-06-04	22.041025161743164	22.200000762939453	21.312820434570312	21.399999618530273	20.803388595581055	11440121
2019-06-05	21.379486083984375	21.4769229888916	20.200000762939453	20.410255432128906	19.841236114501953	22750035
2019-06-06	20.333332061767578	20.353845596313477	19.89743423461914	20.015384674072266	19.457374572753906	10622396
2019-06-10	20.205127716064453	20.512819290161133	19.825641632080078	20.374357223510742	19.806339263916016	10956037
2019-06-11	20.374357223510742	21.246152877807617	20.323076248168945	21.117948532104492	20.52920150756836	13041826
2019-06-12	21.117948532104492	21.333332061767578	20.882051467895508	21.210256576538086	20.618934631347656	7245601
2019-06-13	21.215383529663086	21.297435760498047	20.89743423461914	21.179487228393555	20.589021682739258	6623184
2019-06-14	21.179487228393555	21.661537170410156	21.082050323486328	21.435897827148438	20.838285446166992	13448927
2019-06-17	21.192306518554688	21.407691955566406	20.761537551879883	21.076923370361328	20.68728256225586	9319337
2019-06-18	21.076923370361328	21.799999237060547	20.9769229888916	21.61538314819336	21.215789794921875	10556825
2019-06-19	22.0	22.215383529663086	21.707691192626953	22.08461570739746	21.676347732543945	12171825
2019-06-20	22.0	22.523075103759766	21.830768585205078	22.315383911132812	21.902847290039062	11633499
2019-06-21	22.315383911132812	22.799999237060547	22.03076934814453	22.153846740722656	21.74429702758789	16500136
2019-06-24	22.153846740722656	22.73076820373535	21.923076629638672	22.507692337036133	22.091602325439453	12877182
2019-06-25	22.515384674072266	22.60769271850586	22.05384635925293	22.546152114868164	22.129350662231445	9916414
2019-06-26	22.36153793334961	22.923076629638672	22.36153793334961	22.815383911132812	22.393606185913086	11933161
2019-06-27	22.907691955566406	23.038461685180664	22.600000381469727	23.0	22.57480812072754	10610215
2019-06-28	23.23076820373535	23.66922950744629	23.076923370361328	23.453845977783203	23.020263671875	16563956
2019-07-01	23.961538314819336	24.507692337036133	23.676923751831055	24.369230270385742	23.91872787475586	19401461
2019-07-02	24.369230270385742	25.453845977783203	24.11538314819336	24.692306518554688	24.235828399658203	22182631
2019-07-03	24.815383911132812	24.815383911132812	23.823076248168945	24.215383529663086	23.767723083496094	17544091
2019-07-04	24.438461303710938	24.523075103759766	23.61538314819336	23.869230270385742	23.427968978881836	13627316
2019-07-05	24.23076820373535	25.461538314819336	24.0	25.461538314819336	24.990840911865234	24545605
2019-07-08	25.399999618530273	25.538461685180664	24.299999237060547	24.323076248168945	23.873424530029297	22291272
2019-07-09	24.238460540771484	24.576923370361328	24.0	24.346153259277344	23.896076202392578	12963057
2019-07-10	24.369230270385742	24.761537551879883	23.75384521484375	24.353845596313477	23.90362548828125	13490015
2019-07-11	24.376922607421875	24.461538314819336	23.96923065185547	24.038461685180664	23.594072341918945	8251387
2019-07-12	24.03076934814453	24.80769157409668	23.907691955566406	24.59230613708496	24.137678146362305	11682881
2019-07-15	24.323076248168945	24.73076820373535	23.923076629638672	24.384614944458008	23.933826446533203	11600985
2019-07-16	24.44615364074707	24.684614181518555	23.66922950744629	23.992307662963867	23.54877281188965	12652000
2019-07-17	24.123075485229492	24.461538314819336	23.853845596313477	24.015384674072266	23.571420669555664	10529729
2019-07-18	24.100000381469727	24.346153259277344	23.876922607421875	24.038461685180664	23.594072341918945	7040121
2019-07-19	24.023075103759766	24.438461303710938	23.923076629638672	24.130769729614258	23.684673309326172	9396138
2019-07-22	24.299999237060547	24.299999237060547	23.746152877807617	23.992307662963867	23.54877281188965	9673287
2019-07-23	23.938461303710938	24.0	23.523075103759766	23.792306900024414	23.352466583251953	11354057
2019-07-24	24.0	24.22307586669922	23.769229888916016	23.9769229888916	23.53367042541504	10204971
2019-07-25	24.0	24.038461685180664	23.676923751831055	23.846153259277344	23.405317306518555	9077417
2019-07-26	23.830768585205078	23.9769229888916	23.5	23.846153259277344	23.405317306518555	10540406
2019-07-29	24.038461685180664	24.08461570739746	23.600000381469727	23.73076820373535	23.292068481445312	7019651
2019-07-30	23.66922950744629	24.03076934814453	23.66922950744629	23.746152877807617	23.307167053222656	9263445
2019-07-31	23.661537170410156	23.815383911132812	23.046152114868164	23.061538696289062	22.635208129882812	15850513
2019-08-01	23.046152114868164	23.200000762939453	22.484615325927734	22.60769271850586	22.189754486083984	22803964
2019-08-02	22.23076820373535	22.546152114868164	22.09230613708496	22.484615325927734	22.068950653076172	13309549
2019-08-05	22.453845977783203	22.961538314819336	22.09230613708496	22.5	22.08405113220215	17476288
2019-08-06	22.161537170410156	22.846153259277344	22.09230613708496	22.75384521484375	22.33320426940918	16391167
2019-08-07	22.930768966674805	23.33846092224121	22.484615325927734	23.10769271850586	22.680509567260742	14686861
2019-08-08	23.069229125976562	23.461538314819336	22.923076629638672	23.369230270385742	22.937211990356445	11518102
2019-08-09	23.376922607421875	24.11538314819336	23.369230270385742	23.707691192626953	23.26941680908203	15299996
2019-08-12	23.638460159301758	25.461538314819336	23.399999618530273	24.715383529663086	24.258480072021484	22611953
2019-08-13	24.438461303710938	25.11538314819336	24.27692222595215	24.561538696289062	24.107479095458984	12736800
2019-08-14	24.846153259277344	25.330768585205078	24.569229125976562	25.0	24.5378360748291	16486087
2019-08-15	24.60769271850586	25.353845596313477	24.5	25.076923370361328	24.61333656311035	14529477
2019-08-16	25.100000381469727	25.769229888916016	24.853845596313477	25.484615325927734	25.013490676879883	19134676
2019-08-19	25.61538314819336	25.73076820373535	24.823076248168945	25.36153793334961	24.892690658569336	23349704
2019-08-20	25.36153793334961	25.369230270385742	24.853845596313477	25.22307586669922	24.756786346435547	14672652
2019-08-21	25.076923370361328	25.376922607421875	24.930768966674805	25.076923370361328	24.61333656311035	9473701
2019-08-22	25.246152877807617	25.89230728149414	24.86153793334961	25.869230270385742	25.390995025634766	17447194
2019-08-23	25.846153259277344	27.384614944458008	25.676923751831055	26.58461570739746	26.093156814575195	26638327
2019-08-26	26.184614181518555	26.884614944458008	26.076923370361328	26.430768966674805	25.942153930664062	15235681
2019-08-27	26.423076629638672	26.876922607421875	26.30769157409668	26.484615325927734	25.995006561279297	12221223
2019-08-28	26.153846740722656	26.153846740722656	25.215383529663086	25.384614944458008	24.91533851623535	23676127
2019-08-29	25.492307662963867	25.738460540771484	24.923076629638672	25.138460159301758	24.673734664916992	21369272
2019-08-30	24.792306900024414	26.123075485229492	24.661537170410156	25.076923370361328	24.61333656311035	30262532
2019-09-02	25.05384635925293	25.5	24.5	25.176923751831055	24.71148681640625	22276068
2019-09-03	25.100000381469727	25.576923370361328	24.761537551879883	24.907691955566406	24.447233200073242	16305247
2019-09-04	25.076923370361328	25.507692337036133	24.815383911132812	25.16922950744629	24.703935623168945	17523378
2019-09-05	25.376922607421875	25.44615364074707	24.89230728149414	25.03076934814453	24.568035125732422	25760254
2019-09-06	24.961538314819336	25.346153259277344	24.692306518554688	25.200000762939453	24.73413848876953	18783072
2019-09-09	25.330768585205078	25.36153793334961	24.792306900024414	25.161537170410156	24.696386337280273	23431086
2019-09-10	25.076923370361328	26.007692337036133	24.869230270385742	25.984615325927734	25.504247665405273	31282589
2019-09-11	26.0	26.14615249633789	25.39230728149414	25.569229125976562	25.096540451049805	17442016
2019-09-12	25.23076820373535	25.653846740722656	24.89230728149414	25.430768966674805	24.960641860961914	18934490
2019-09-16	25.384614944458008	25.523075103759766	25.215383529663086	25.30769157409668	24.8398380279541	9468911
2019-09-17	25.207691192626953	25.59230613708496	25.14615249633789	25.346153259277344	24.877588272094727	12064283
2019-09-18	25.346153259277344	25.58461570739746	25.069229125976562	25.430768966674805	24.960641860961914	14707699
2019-09-19	25.384614944458008	25.523075103759766	24.907691955566406	25.14615249633789	24.681285858154297	14726172
2019-09-20	25.130769729614258	25.36153793334961	24.86153793334961	25.36153793334961	24.892690658569336	12108227
2019-09-23	25.153846740722656	25.215383529663086	24.61538314819336	24.830768585205078	24.371732711791992	9451590
2019-09-24	24.884614944458008	26.10769271850586	24.830768585205078	25.869230270385742	25.390995025634766	26788270
2019-09-25	25.923076629638672	26.292306900024414	25.630769729614258	25.923076629638672	25.44384765625	14253240
2019-09-26	26.200000762939453	26.61538314819336	25.653846740722656	26.015384674072266	25.534448623657227	20966012
2019-09-27	26.023075103759766	26.407691955566406	25.523075103759766	25.96923065185547	25.489147186279297	11591034
2019-09-30	25.992307662963867	26.600000381469727	25.761537551879883	26.384614944458008	25.896852493286133	11493138
2019-10-08	26.707691192626953	27.25384521484375	26.538461685180664	26.707691192626953	26.213956832885742	14599416
2019-10-09	26.676923751831055	26.707691192626953	25.73076820373535	26.161537170410156	25.677900314331055	14399699
2019-10-10	26.384614944458008	28.161537170410156	26.246152877807617	27.930768966674805	27.4144229888916	28662548
2019-10-11	28.061538696289062	28.36153793334961	27.546152114868164	27.953845977783203	27.437074661254883	15185413
2019-10-14	28.176923751831055	29.09230613708496	27.75384521484375	27.992307662963867	27.474824905395508	21466558
2019-10-15	28.207691192626953	28.453845977783203	27.72307586669922	27.923076629638672	27.40687370300293	14120571
2019-10-16	28.138460159301758	29.207691192626953	28.11538314819336	28.78461456298828	28.252485275268555	18414377
2019-10-17	28.823076248168945	29.638460159301758	27.89230728149414	28.184614181518555	27.663576126098633	18432836
2019-10-18	28.346153259277344	29.192306518554688	27.984615325927734	28.299999237060547	27.77682876586914	13911618
2019-10-21	28.30769157409668	28.846153259277344	27.523075103759766	28.130769729614258	27.610727310180664	17023821
2019-10-22	28.192306518554688	28.261537551879883	27.692306518554688	28.153846740722656	27.633377075195312	10968568
2019-10-23	28.123075485229492	28.246152877807617	27.399999618530273	27.576923370361328	27.067119598388672	11992106
2019-10-24	27.884614944458008	28.215383529663086	27.692306518554688	27.89230728149414	27.376672744750977	10553817
2019-10-25	27.961538314819336	28.80769157409668	27.830768585205078	28.692306518554688	28.161884307861328	11691513
2019-10-28	29.538461685180664	29.61538314819336	28.023075103759766	28.30769157409668	27.784378051757812	27616929
2019-10-29	28.28461456298828	28.423076629638672	27.83846092224121	27.907691955566406	27.391775131225586	16578502
2019-10-30	27.75384521484375	28.192306518554688	26.992307662963867	27.138460159301758	26.636762619018555	24868955
2019-10-31	27.25384521484375	27.923076629638672	27.200000762939453	27.73076820373535	27.218120574951172	20624587
2019-11-01	27.846153259277344	28.315383911132812	27.569229125976562	28.130769729614258	27.610727310180664	15687191
2019-11-04	28.27692222595215	28.576923370361328	27.80769157409668	28.076923370361328	27.557878494262695	17931338
2019-11-05	28.269229888916016	28.39230728149414	27.80769157409668	28.16922950744629	27.64847755432129	13252512
2019-11-06	28.130769729614258	28.376922607421875	27.923076629638672	28.23076820373535	27.708877563476562	12167460
2019-11-07	28.438461303710938	28.44615364074707	27.692306518554688	27.961538314819336	27.444625854492188	15742819
2019-11-08	28.176923751831055	28.215383529663086	27.523075103759766	27.61538314819336	27.104867935180664	13351627
2019-11-11	27.438461303710938	27.676923751831055	26.923076629638672	26.992307662963867	26.493310928344727	13819683
2019-11-12	27.153846740722656	27.44615364074707	26.715383529663086	27.399999618530273	26.89346694946289	11231750
2019-11-13	27.5	28.184614181518555	27.261537551879883	28.153846740722656	27.633377075195312	19489718
2019-11-14	28.23076820373535	28.792306900024414	28.046152114868164	28.538461685180664	28.010883331298828	19199198
2019-11-15	28.623075485229492	28.761537551879883	28.215383529663086	28.25384521484375	27.73152732849121	10740579
2019-11-18	28.461538314819336	28.676923751831055	27.546152114868164	28.038461685180664	27.520126342773438	14859616
2019-11-19	28.215383529663086	29.05384635925293	28.08461570739746	29.038461685180664	28.501638412475586	23423478
2019-11-20	29.038461685180664	29.207691192626953	28.72307586669922	28.769229888916016	28.237384796142578	12593525
2019-11-21	28.830768585205078	28.830768585205078	28.153846740722656	28.346153259277344	27.822128295898438	12562726
2019-11-22	28.453845977783203	28.492307662963867	26.907691955566406	27.0	26.50086212158203	30294794
2019-11-25	27.0	27.14615249633789	25.799999237060547	26.176923751831055	25.69300079345703	27046921
2019-11-26	26.384614944458008	26.60769271850586	25.961538314819336	26.60769271850586	26.115806579589844	22810273
2019-11-27	26.23076820373535	26.23076820373535	25.77692222595215	25.984615325927734	25.504247665405273	15054702
2019-11-28	26.076923370361328	26.207691192626953	25.884614944458008	26.046152114868164	25.564647674560547	9554499
2019-11-29	26.0	26.0	25.207691192626953	25.738460540771484	25.262643814086914	22618268
2019-12-02	25.684614181518555	25.846153259277344	25.323076248168945	25.384614944458008	24.91533851623535	12682178
2019-12-03	25.346153259277344	25.430768966674805	24.75384521484375	25.407691955566406	24.937990188598633	16281917
2019-12-04	25.269229888916016	25.684614181518555	25.138460159301758	25.407691955566406	24.937990188598633	13513355
2019-12-05	25.58461570739746	25.830768585205078	25.438461303710938	25.66922950744629	25.194692611694336	13535345
2019-12-06	25.72307586669922	25.78461456298828	25.55384635925293	25.692306518554688	25.217344284057617	7747181
2019-12-09	25.692306518554688	25.792306900024414	24.938461303710938	24.992307662963867	24.530284881591797	18074412
2019-12-10	24.953845977783203	25.5	24.89230728149414	25.492307662963867	25.021041870117188	14017894
2019-12-11	25.492307662963867	25.86153793334961	25.123075485229492	25.692306518554688	25.217344284057617	13182943
2019-12-12	25.61538314819336	25.80769157409668	25.515384674072266	25.61538314819336	25.141841888427734	8087765
2019-12-13	25.792306900024414	26.138460159301758	25.58461570739746	26.076923370361328	25.5948486328125	14939273
2019-12-16	26.0	26.246152877807617	25.684614181518555	26.14615249633789	25.662799835205078	15286618
2019-12-17	26.269229888916016	26.292306900024414	26.023075103759766	26.161537170410156	25.677900314331055	15864785
2019-12-18	26.207691192626953	26.207691192626953	25.769229888916016	25.846153259277344	25.36834716796875	14581310
2019-12-19	25.91538429260254	25.94615364074707	25.384614944458008	25.523075103759766	25.051240921020508	13168825
2019-12-20	25.423076629638672	25.661537170410156	25.27692222595215	25.538461685180664	25.066341400146484	9721671
2019-12-23	25.384614944458008	25.961538314819336	25.369230270385742	25.546152114868164	25.073890686035156	10696023
2019-12-24	25.576923370361328	25.961538314819336	25.576923370361328	25.94615364074707	25.46649742126465	9832420
2019-12-25	25.94615364074707	26.015384674072266	25.61538314819336	25.77692222595215	25.30039405822754	8148680
2019-12-26	25.769229888916016	26.738460540771484	25.700000762939453	26.61538314819336	26.123355865478516	23629600
2019-12-27	26.676923751831055	26.676923751831055	25.923076629638672	26.007692337036133	25.526899337768555	18269786
2019-12-30	25.823076248168945	26.0	25.4769229888916	25.830768585205078	25.35324478149414	16806704
2019-12-31	25.91538429260254	27.961538314819336	25.86153793334961	27.038461685180664	26.538612365722656	37590398
2020-01-02	26.923076629638672	27.215383529663086	26.41538429260254	27.09230613708496	26.591461181640625	25363984
2020-01-03	26.961538314819336	27.269229888916016	26.78461456298828	26.899999618530273	26.4027099609375	12192351
2020-01-06	26.876922607421875	26.992307662963867	24.369230270385742	24.75384521484375	24.29623031616211	60616895
2020-01-07	24.576923370361328	24.846153259277344	24.369230270385742	24.846153259277344	24.38683319091797	48221745
2020-01-08	24.653846740722656	25.038461685180664	24.61538314819336	24.738460540771484	24.281131744384766	20079043
2020-01-09	24.961538314819336	25.523075103759766	24.830768585205078	25.299999237060547	24.83228874206543	28433800
2020-01-10	25.407691955566406	25.73076820373535	25.14615249633789	25.569229125976562	25.096540451049805	20843726
2020-01-13	25.569229125976562	26.423076629638672	25.569229125976562	26.384614944458008	25.896852493286133	25523300
2020-01-14	26.369230270385742	26.58461570739746	26.038461685180664	26.192306518554688	25.708099365234375	18201474
2020-01-15	26.192306518554688	26.461538314819336	26.0	26.36153793334961	25.874202728271484	11184184
2020-01-16	26.33846092224121	26.523075103759766	26.08461570739746	26.238460540771484	25.753400802612305	10415665
2020-01-17	26.238460540771484	26.407691955566406	25.961538314819336	26.215383529663086	25.730751037597656	11709127
2020-01-20	27.423076629638672	27.66922950744629	26.61538314819336	27.299999237060547	26.79531478881836	41093002
2020-01-21	28.076923370361328	29.176923751831055	28.0	28.484615325927734	27.958032608032227	51105515
2020-01-22	28.86153793334961	28.86153793334961	27.30769157409668	27.66922950744629	27.157718658447266	37226638
2020-01-23	28.269229888916016	28.676923751831055	27.207691192626953	27.75384521484375	27.240772247314453	44062508
2020-02-03	29.261537551879883	30.269229888916016	26.64615249633789	28.60769271850586	28.078832626342773	69363209
2020-02-04	28.076923370361328	28.576923370361328	26.930768966674805	28.153846740722656	27.633377075195312	54014966
2020-02-05	28.899999618530273	30.823076248168945	28.25384521484375	30.09230613708496	29.536001205444336	79916240
2020-02-06	30.30769157409668	33.099998474121094	30.30769157409668	33.099998474121094	32.48809051513672	90167333
2020-02-07	33.161537170410156	33.976924896240234	30.9769229888916	31.61538314819336	31.03092384338379	66963858
2020-02-10	32.400001525878906	33.07692337036133	30.761537551879883	32.4538459777832	31.853883743286133	65286846
2020-02-11	31.83846092224121	32.0	31.130769729614258	31.423076629638672	30.84217071533203	33837997
2020-02-12	32.13846206665039	32.38461685180664	31.538461685180664	31.66922950744629	31.08377456665039	27598962
2020-02-13	31.676923751831055	32.338462829589844	30.77692222595215	31.86153793334961	31.272525787353516	38985726
2020-02-14	35.0461540222168	35.0461540222168	32.77692413330078	33.06922912597656	32.45789337158203	69620605
2020-02-17	32.30769348144531	32.9538459777832	31.515384674072266	32.5461540222168	31.944486618041992	42417051
2020-02-18	32.5461540222168	32.58461380004883	31.546152114868164	31.676923751831055	31.091325759887695	33068738
2020-02-19	31.80769157409668	31.91538429260254	30.55384635925293	30.58461570739746	30.019210815429688	34895114
2020-02-20	30.423076629638672	31.046152114868164	30.41538429260254	30.823076248168945	30.253263473510742	24525759
2020-02-21	30.792306900024414	31.5	30.561538696289062	31.30769157409668	30.728918075561523	30260479
2020-02-24	32.30769348144531	32.69230651855469	31.561538696289062	31.676923751831055	31.091325759887695	30817335
2020-02-25	31.653846740722656	33.0461540222168	31.207691192626953	32.761539459228516	32.15589141845703	41559351
2020-02-26	32.30769348144531	32.56153869628906	31.384614944458008	31.715383529663086	31.129074096679688	32898808
2020-02-27	32.0	32.35384750366211	31.330768585205078	32.11538314819336	31.521678924560547	23994414
2020-02-28	31.384614944458008	32.730770111083984	31.36153793334961	31.923076629638672	31.332927703857422	27375962
2020-03-02	31.961538314819336	32.88461685180664	30.869230270385742	32.5461540222168	31.944486618041992	28269103
2020-03-03	33.0461540222168	35.123077392578125	32.769229888916016	34.06922912597656	33.43940353393555	44287552
2020-03-04	34.230770111083984	34.592308044433594	32.876922607421875	33.61538314819336	32.99394607543945	24465242
2020-03-05	33.846153259277344	35.0	33.66923141479492	34.630767822265625	33.990562438964844	26122644
2020-03-06	34.17692184448242	34.907691955566406	34.015384674072266	34.22307586669922	33.59040832519531	19308374
2020-03-09	34.22307586669922	34.907691955566406	33.18461608886719	33.32307434082031	32.7070426940918	23821565
2020-03-10	32.60769271850586	33.77692413330078	31.538461685180664	32.93077087402344	32.32199478149414	28122363
2020-03-11	32.93077087402344	33.523075103759766	32.5461540222168	32.730770111083984	32.12569046020508	15069460
2020-03-12	32.515384674072266	32.592308044433594	31.30769157409668	31.4769229888916	30.895021438598633	23674709
2020-03-13	28.30769157409668	31.86153793334961	28.30769157409668	30.823076248168945	30.253263473510742	30209734
2020-03-16	31.438461303710938	31.73076820373535	29.78461456298828	30.61538314819336	30.049409866333008	24458982
2020-03-17	30.86153793334961	33.230770111083984	29.830768585205078	32.92307662963867	32.3144416809082	42548790
2020-03-18	33.846153259277344	34.29230880737305	32.346153259277344	32.523075103759766	31.921836853027344	30377837
2020-03-19	32.476924896240234	32.81538391113281	30.61538314819336	31.453845977783203	30.872371673583984	26358910
2020-03-20	31.746152877807617	33.83076858520508	30.846153259277344	33.53845977783203	32.9184455871582	31410954
2020-03-23	32.43077087402344	34.130767822265625	32.29999923706055	33.661537170410156	33.039249420166016	34294586
2020-03-24	33.9615364074707	34.35384750366211	32.67692184448242	33.769229888916016	33.14495086669922	30302060
2020-03-25	34.0	36.0538444519043	33.32307434082031	35.61538314819336	34.95697784423828	35058777
2020-03-26	35.29230880737305	37.269229888916016	35.07692337036133	36.92307662963867	36.24049377441406	34997991
2020-03-27	37.53845977783203	37.79999923706055	35.13846206665039	36.06153869628906	35.39488220214844	35960419
2020-03-30	35.5538444519043	37.0	34.67692184448242	35.39230728149414	34.7380256652832	26716151
2020-03-31	34.92307662963867	36.907691955566406	34.769229888916016	36.846153259277344	36.16499328613281	24422677
2020-04-01	36.761539459228516	38.53845977783203	36.46923065185547	37.20769119262695	36.51984786987305	31561778
2020-04-02	37.20000076293945	37.64615249633789	36.43077087402344	37.53076934814453	36.836952209472656	19708982
2020-04-03	38.07692337036133	39.4615364074707	37.492305755615234	37.761539459228516	37.06345748901367	25324131
2020-04-07	37.85384750366211	39.74615478515625	37.44615173339844	39.69230651855469	38.95853042602539	27743912
2020-04-08	38.4615364074707	38.61538314819336	36.838462829589844	37.06153869628906	36.37639617919922	50144294
2020-04-09	37.30769348144531	38.023075103759766	36.16923141479492	37.4538459777832	36.761451721191406	30954576
2020-04-10	37.269229888916016	38.79230880737305	36.92307662963867	37.53076934814453	36.836952209472656	25311864
2020-04-13	36.984615325927734	37.915382385253906	36.130767822265625	36.53076934814453	35.85544204711914	24049541
2020-04-14	36.78461456298828	37.79230880737305	36.0076904296875	37.56922912597656	36.87470245361328	34510732
2020-04-15	37.69230651855469	38.78461456298828	37.30769348144531	38.153846740722656	37.44851303100586	29347355
2020-04-16	38.261539459228516	39.984615325927734	38.07692337036133	39.28461456298828	38.55837631225586	31772798
2020-04-17	39.17692184448242	39.17692184448242	37.346153259277344	37.515384674072266	36.82185363769531	34565100
2020-04-20	37.5538444519043	38.346153259277344	36.907691955566406	37.46923065185547	36.77655029296875	28103920
2020-04-21	38.07692337036133	38.846153259277344	37.13846206665039	37.5461540222168	36.85205078125	25830122
2020-04-22	36.984615325927734	37.79230880737305	36.153846740722656	37.66923141479492	36.97285461425781	21097064
2020-04-23	38.17692184448242	39.81538391113281	37.86153793334961	39.27692413330078	38.55082702636719	40447308
2020-04-24	39.400001525878906	39.74615478515625	37.78461456298828	37.96923065185547	37.26730728149414	25839556
2020-04-27	38.18000030517578	40.95000076293945	37.22999954223633	39.56999969482422	39.25199890136719	34031431
2020-04-28	39.38999938964844	40.54999923706055	38.54999923706055	40.47999954223633	40.154685974121094	33703659
2020-04-29	40.29999923706055	40.79999923706055	39.470001220703125	39.83000183105469	39.509910583496094	21306733
2020-04-30	39.650001525878906	39.79999923706055	38.099998474121094	38.869998931884766	38.557621002197266	30715680
2020-05-06	38.349998474121094	38.91999816894531	37.95000076293945	38.56999969482422	38.260032653808594	28843097
2020-05-07	38.47999954223633	38.70000076293945	37.97999954223633	38.02000045776367	37.714454650878906	25093580
2020-05-08	38.099998474121094	38.630001068115234	37.4900016784668	38.04999923706055	37.74421310424805	26842867
2020-05-11	38.29999923706055	38.54999923706055	36.93000030517578	37.2400016784668	36.94072341918945	30543746
2020-05-12	37.31999969482422	38.220001220703125	37.11000061035156	38.209999084472656	37.90292739868164	26011039
2020-05-13	38.0	38.619998931884766	37.599998474121094	38.279998779296875	37.97236251831055	21998647
2020-05-14	37.970001220703125	38.15999984741211	37.560001373291016	37.599998474121094	37.297828674316406	16885981
2020-05-15	37.5	37.79999923706055	36.529998779296875	36.83000183105469	36.534019470214844	25640894
2020-05-18	36.86000061035156	38.279998779296875	36.4900016784668	38.060001373291016	37.75413513183594	27554811
2020-05-19	38.83000183105469	40.79999923706055	38.52000045776367	40.470001220703125	40.14476776123047	53231637
2020-05-20	40.5099983215332	41.11000061035156	39.77000045776367	40.11000061035156	39.78765869140625	30512574
2020-05-21	40.599998474121094	42.4900016784668	39.689998626708984	40.810001373291016	40.482032775878906	39867167
2020-05-22	41.029998779296875	42.45000076293945	40.650001525878906	41.220001220703125	40.88874053955078	37609852
2020-05-25	41.5	42.06999969482422	40.630001068115234	41.18000030517578	40.84906005859375	27926884
2020-05-26	41.18000030517578	42.31999969482422	40.5	41.9900016784668	41.65255355834961	27768705
2020-05-27	42.099998474121094	42.9900016784668	41.34000015258789	41.779998779296875	41.444236755371094	25274375
2020-05-28	41.150001525878906	41.38999938964844	39.29999923706055	39.95000076293945	39.628944396972656	36094763
2020-05-29	39.79999923706055	41.54999923706055	39.56999969482422	41.2599983215332	40.92841339111328	22527199
2020-06-01	41.189998626708984	41.68000030517578	40.58000183105469	41.470001220703125	41.1367301940918	25987400
2020-06-02	41.20000076293945	41.279998779296875	39.70000076293945	40.310001373291016	39.986053466796875	31602282
2020-06-03	40.09000015258789	40.77000045776367	39.849998474121094	40.08000183105469	39.75790023803711	22270875
2020-06-04	40.20000076293945	41.540000915527344	40.06999969482422	41.29999923706055	40.96809387207031	28392825
2020-06-05	41.150001525878906	41.72999954223633	40.869998931884766	41.13999938964844	40.80937957763672	18503998
2020-06-08	41.97999954223633	42.47999954223633	39.90999984741211	40.220001220703125	39.89677429199219	26760036
2020-06-09	40.0099983215332	40.880001068115234	39.779998779296875	40.619998931884766	40.29356002807617	19221399
2020-06-10	40.34000015258789	41.79999923706055	40.34000015258789	41.31999969482422	40.98793411254883	27584798
2020-06-11	41.54999923706055	41.70000076293945	40.25	40.70000076293945	40.37291717529297	24121361
2020-06-12	40.119998931884766	41.5	40.0	41.150001525878906	40.81930160522461	29949944
2020-06-15	41.900001525878906	43.15999984741211	41.61000061035156	42.900001525878906	42.55523681640625	39561639
2020-06-16	42.7599983215332	43.900001525878906	42.310001373291016	43.59000015258789	43.23969268798828	29901333
2020-06-17	44.2599983215332	47.959999084472656	44.2599983215332	47.959999084472656	47.5745735168457	50473658
2020-06-18	48.0	49.380001068115234	46.689998626708984	47.61000061035156	47.227386474609375	44093674
2020-06-19	47.04999923706055	48.79999923706055	46.380001068115234	47.79999923706055	47.41585922241211	28945582
2020-06-22	48.02000045776367	50.0	47.560001373291016	48.529998779296875	48.139991760253906	30224624
2020-06-23	48.59000015258789	49.52000045776367	47.720001220703125	48.83000183105469	48.437583923339844	22798965
2020-06-24	48.95000076293945	49.849998474121094	47.45000076293945	48.060001373291016	47.673770904541016	25531692
2020-06-29	48.0	50.279998779296875	47.79999923706055	49.88999938964844	49.48906326293945	37688968
2020-06-30	49.93000030517578	50.75	49.08000183105469	50.11000061035156	49.70729446411133	26629023
2020-07-01	50.63999938964844	50.650001525878906	46.310001373291016	47.970001220703125	47.58449172973633	43747005
2020-07-02	47.400001525878906	48.36000061035156	46.58000183105469	47.25	46.870277404785156	37784417
2020-07-03	46.9900016784668	47.95000076293945	46.22999954223633	47.41999816894531	47.038909912109375	29514533
2020-07-06	47.380001068115234	47.380001068115234	46.04999923706055	46.400001525878906	46.0271110534668	65102465
2020-07-07	46.0	47.790000915527344	45.29999923706055	47.18000030517578	46.80084228515625	56856883
2020-07-08	47.099998474121094	47.380001068115234	46.41999816894531	46.70000076293945	46.32469940185547	35324710
2020-07-09	46.29999923706055	48.77000045776367	46.06999969482422	48.099998474121094	47.71344757080078	58070584
2020-07-10	48.119998931884766	49.150001525878906	47.529998779296875	48.630001068115234	48.23918914794922	47882583
2020-07-13	48.68000030517578	53.5	48.68000030517578	53.5	53.07004928588867	69205802
2020-07-14	54.0	56.0	52.5	55.470001220703125	55.02421951293945	67158743
2020-07-15	55.400001525878906	57.86000061035156	54.02000045776367	54.540000915527344	54.10169219970703	51294880
2020-07-16	55.04999923706055	55.220001220703125	49.849998474121094	49.9900016784668	49.588260650634766	51893728
2020-07-17	50.29999923706055	52.25	49.529998779296875	51.02000045776367	50.609981536865234	33445740
2020-07-20	52.099998474121094	52.29999923706055	49.0	50.849998474121094	50.44134521484375	31307324
2020-07-21	50.5	55.0	50.0	54.15999984741211	53.72474670410156	47437369
2020-07-22	53.400001525878906	56.560001373291016	52.400001525878906	55.16999816894531	54.726627349853516	43285647
2020-07-23	54.5	57.900001525878906	54.099998474121094	57.880001068115234	57.414852142333984	55041023
2020-07-24	56.369998931884766	57.15999984741211	53.34000015258789	53.880001068115234	53.446998596191406	43023275
2020-07-27	54.04999923706055	57.880001068115234	54.0	57.130001068115234	56.67087936401367	47759922
2020-07-28	57.70000076293945	57.70000076293945	54.18000030517578	56.11000061035156	55.65907669067383	36172612
2020-07-29	56.11000061035156	61.29999923706055	55.779998779296875	59.81999969482422	59.33926010131836	48366521
2020-07-30	60.29999923706055	65.5999984741211	59.790000915527344	60.97999954223633	60.48993682861328	62839372
2020-07-31	60.0	65.55999755859375	59.20000076293945	64.93000030517578	64.40819549560547	56183098
2020-08-03	66.0	71.41999816894531	63.33000183105469	71.41999816894531	70.84603881835938	58702339
2020-08-04	70.0	76.0	66.5999984741211	68.4800033569336	67.9296646118164	71434356
2020-08-05	66.87999725341797	71.52999877929688	65.01000213623047	70.0999984741211	69.5366439819336	52764333
2020-08-06	69.02999877929688	70.47000122070312	64.5999984741211	65.61000061035156	65.08273315429688	55940610
2020-08-07	65.5999984741211	66.55999755859375	59.97999954223633	61.970001220703125	61.47198486328125	72088688
2020-08-10	61.33000183105469	61.65999984741211	58.220001220703125	60.650001525878906	60.16259002685547	48318167
2020-08-11	60.0	61.7400016784668	59.5099983215332	59.779998779296875	59.29957962036133	35732055
2020-08-12	59.849998474121094	60.20000076293945	54.16999816894531	55.310001373291016	54.86550521850586	57274649
2020-08-13	56.0	56.18000030517578	52.84000015258789	54.040000915527344	53.605712890625	45995436
2020-08-14	54.060001373291016	55.08000183105469	53.150001525878906	54.810001373291016	54.36952590942383	32735205
2020-08-17	55.0	59.22999954223633	53.93000030517578	59.060001373291016	58.58536911010742	62403354
2020-08-18	58.0	60.790000915527344	57.880001068115234	59.02000045776367	58.54568862915039	46676292
2020-08-19	59.029998779296875	60.900001525878906	56.849998474121094	57.09000015258789	56.63119888305664	50133744
2020-08-20	55.5	56.81999969482422	54.5	56.34000015258789	55.88722610473633	23642190
2020-08-21	56.400001525878906	57.130001068115234	54.880001068115234	55.529998779296875	55.083736419677734	22272757
2020-08-24	55.63999938964844	56.22999954223633	53.5	55.349998474121094	54.905181884765625	22386516
2020-08-25	56.0	56.95000076293945	55.70000076293945	55.959999084472656	55.51028060913086	21069663
2020-08-26	55.83000183105469	58.18000030517578	55.400001525878906	56.29999923706055	55.84754943847656	24310461
2020-08-27	56.59000015258789	57.119998931884766	54.630001068115234	57.11000061035156	56.651039123535156	21700480
2020-08-28	57.0	59.0	56.599998474121094	58.709999084472656	58.23817825317383	30432878
2020-08-31	58.63999938964844	59.150001525878906	57.599998474121094	57.630001068115234	57.16686248779297	20440006
2020-09-01	57.349998474121094	57.720001220703125	55.619998931884766	55.900001525878906	55.45076370239258	19568512
2020-09-02	55.7400016784668	56.529998779296875	55.29999923706055	56.119998931884766	55.66899490356445	13648016
2020-09-03	55.93000030517578	56.86000061035156	55.0	55.060001373291016	54.617515563964844	19067618
2020-09-04	54.20000076293945	56.33000183105469	53.43000030517578	56.11000061035156	55.65907669067383	21761394
2020-09-07	56.0	57.099998474121094	54.779998779296875	54.90999984741211	54.468719482421875	18447895
2020-09-08	54.90999984741211	55.95000076293945	53.68000030517578	53.97999954223633	53.54619216918945	14495871
2020-09-09	53.33000183105469	53.33000183105469	49.0099983215332	49.40999984741211	49.01292037963867	37647079
2020-09-10	49.68000030517578	50.16999816894531	48.18000030517578	48.20000076293945	47.812644958496094	25791939
2020-09-11	48.16999816894531	49.04999923706055	47.970001220703125	48.59000015258789	48.19950866699219	16638829
2020-09-14	49.599998474121094	50.349998474121094	48.27000045776367	48.849998474121094	48.457420349121094	19744608
2020-09-15	48.900001525878906	50.09000015258789	48.369998931884766	50.029998779296875	49.62793731689453	20667219
2020-09-16	50.099998474121094	50.599998474121094	48.70000076293945	48.95000076293945	48.556617736816406	17153087
2020-09-17	48.310001373291016	48.779998779296875	46.63999938964844	47.599998474121094	47.217464447021484	27655085
2020-09-18	48.220001220703125	48.849998474121094	47.0	48.68000030517578	48.288787841796875	22370333
2020-09-21	48.70000076293945	49.79999923706055	48.4900016784668	48.630001068115234	48.23918914794922	18683289
2020-09-22	48.27000045776367	51.099998474121094	48.27000045776367	49.4900016784668	49.09227752685547	34150180
2020-09-23	50.15999984741211	53.38999938964844	49.529998779296875	52.56999969482422	52.147525787353516	45197613
2020-09-24	51.939998626708984	55.0099983215332	51.709999084472656	54.119998931884766	53.68506622314453	47679274
2020-09-25	54.150001525878906	57.529998779296875	53.220001220703125	54.95000076293945	54.508399963378906	41965137
2020-09-28	55.599998474121094	56.5	53.5	53.939998626708984	53.50651168823242	29328434
2020-09-29	54.0	56.11000061035156	52.29999923706055	55.459999084472656	55.01429748535156	30599753
2020-09-30	55.540000915527344	57.11000061035156	54.689998626708984	56.9900016784668	56.532005310058594	34169442
2020-10-09	59.5	62.36000061035156	58.5	61.31999969482422	60.827205657958984	46507843
2020-10-12	61.70000076293945	62.79999923706055	60.31999969482422	61.97999954223633	61.481903076171875	38634855
2020-10-13	61.13999938964844	65.0	60.68000030517578	62.540000915527344	62.03740310668945	41874160
2020-10-14	62.15999984741211	63.08000183105469	59.70000076293945	59.93000030517578	59.4483757019043	45638921
2020-10-15	60.79999923706055	60.9900016784668	59.060001373291016	59.439998626708984	58.96231460571289	31350426
2020-10-16	60.06999969482422	60.79999923706055	59.099998474121094	60.380001068115234	59.89476013183594	25915583
2020-10-19	60.45000076293945	60.709999084472656	56.63999938964844	57.29999923706055	56.83951187133789	46184991
2020-10-20	57.2599983215332	57.529998779296875	56.04999923706055	57.13999938964844	56.6807975769043	22768325
2020-10-21	57.970001220703125	58.77000045776367	56.68000030517578	57.0099983215332	56.551841735839844	30272921
2020-10-22	56.5099983215332	56.56999969482422	53.599998474121094	53.630001068115234	53.19900894165039	37316667
2020-10-23	54.0	54.189998626708984	50.599998474121094	51.27000045776367	50.85797119140625	33321624
2020-10-26	51.0099983215332	53.0	50.220001220703125	51.88999938964844	51.47298812866211	22680280
2020-10-27	51.33000183105469	52.959999084472656	51.11000061035156	52.72999954223633	52.30624008178711	21390950
2020-10-28	52.81999969482422	52.97999954223633	51.150001525878906	52.33000183105469	51.909454345703125	15380952
2020-10-29	51.93000030517578	54.310001373291016	51.709999084472656	53.630001068115234	53.19900894165039	32157291
2020-10-30	53.560001373291016	53.58000183105469	50.79999923706055	51.20000076293945	50.788536071777344	29514818
2020-11-02	50.0	50.0	46.08000183105469	46.08000183105469	45.70968246459961	69443661
2020-11-03	46.0	47.11000061035156	44.279998779296875	46.720001220703125	46.344539642333984	45633259
2020-11-04	46.43000030517578	46.959999084472656	45.5	46.22999954223633	45.85847473144531	29365402
2020-11-05	46.400001525878906	46.79999923706055	45.68000030517578	46.470001220703125	46.09654998779297	25718006
2020-11-06	46.20000076293945	46.209999084472656	44.5	45.150001525878906	44.78715515136719	32389506
2020-11-09	45.290000915527344	46.5	44.869998931884766	46.27000045776367	45.898155212402344	34766467
2020-11-10	47.79999923706055	48.790000915527344	44.5	45.040000915527344	44.67803955078125	52335228
2020-11-11	44.5099983215332	44.560001373291016	42.58000183105469	42.939998626708984	42.594913482666016	47710272
2020-11-12	43.2400016784668	44.7599983215332	43.2400016784668	44.33000183105469	43.97374725341797	30264737
2020-11-13	44.29999923706055	44.900001525878906	43.5099983215332	44.630001068115234	44.27133560180664	18907724
2020-11-16	44.5	44.959999084472656	43.58000183105469	44.59000015258789	44.23165512084961	18125193
2020-11-17	44.459999084472656	44.5	42.7400016784668	43.599998474121094	43.249610900878906	23362392
2020-11-18	43.79999923706055	44.09000015258789	43.220001220703125	43.369998931884766	43.02145767211914	13728154
2020-11-19	43.189998626708984	43.810001373291016	42.77000045776367	43.59000015258789	43.23969268798828	11860302
2020-11-20	43.650001525878906	43.83000183105469	43.18000030517578	43.20000076293945	42.85282516479492	13489118
2020-11-23	43.2599983215332	43.5	41.79999923706055	42.5	42.158451080322266	32301642
2020-11-24	42.380001068115234	42.65999984741211	41.79999923706055	42.33000183105469	41.98981857299805	14594881
2020-11-25	42.33000183105469	42.439998626708984	41.220001220703125	41.2599983215332	40.92841339111328	23259874
2020-11-26	41.349998474121094	41.75	40.310001373291016	40.5	40.17452621459961	19903807
2020-11-27	40.75	42.15999984741211	40.29999923706055	41.65999984741211	41.32520294189453	24253042
2020-11-30	42.150001525878906	43.720001220703125	41.459999084472656	43.040000915527344	42.69411087036133	34783542
2020-12-01	43.25	44.400001525878906	43.25	44.2400016784668	43.88446807861328	34380403
2020-12-02	43.9900016784668	44.20000076293945	43.18000030517578	43.849998474121094	43.49760055541992	23266237
2020-12-03	44.029998779296875	46.849998474121094	43.70000076293945	45.779998779296875	45.41209030151367	52904005
2020-12-04	46.0	46.779998779296875	45.5099983215332	46.06999969482422	45.69976043701172	28603740
2020-12-07	45.279998779296875	46.290000915527344	44.18000030517578	45.16999816894531	44.80699157714844	30176886
2020-12-08	45.06999969482422	45.400001525878906	43.650001525878906	43.72999954223633	43.37856674194336	29757638
2020-12-09	43.959999084472656	44.599998474121094	42.95000076293945	43.11000061035156	42.7635498046875	18619660
2020-12-10	42.9900016784668	43.20000076293945	42.0	42.27000045776367	41.930301666259766	20282720
2020-12-11	42.380001068115234	43.0	40.79999923706055	41.66999816894531	41.335121154785156	35384750
2020-12-14	41.90999984741211	43.5	41.650001525878906	43.11000061035156	42.7635498046875	27334910
2020-12-15	43.119998931884766	45.5	42.93000030517578	45.150001525878906	44.78715515136719	38680596
2020-12-16	45.150001525878906	45.290000915527344	43.79999923706055	44.310001373291016	43.95390701293945	22360983
2020-12-17	45.0	45.439998626708984	44.0099983215332	44.5099983215332	44.15229797363281	26126312
2020-12-18	44.369998931884766	45.16999816894531	43.599998474121094	44.43000030517578	44.072940826416016	22253824
2020-12-21	44.400001525878906	44.810001373291016	42.880001068115234	44.290000915527344	43.93406677246094	25336591
2020-12-22	44.310001373291016	46.060001373291016	44.310001373291016	45.0	44.63835906982422	43564296
2020-12-23	44.91999816894531	44.91999816894531	43.68000030517578	44.04999923706055	43.69599533081055	29128619
2020-12-24	44.099998474121094	44.13999938964844	42.040000915527344	42.099998474121094	41.76166534423828	26099197
2020-12-25	42.09000015258789	42.56999969482422	41.61000061035156	42.380001068115234	42.0394172668457	17142459
2020-12-28	42.5099983215332	42.95000076293945	41.70000076293945	41.849998474121094	41.513671875	17934810
2020-12-29	41.849998474121094	42.099998474121094	40.810001373291016	40.900001525878906	40.571311950683594	21569171
2020-12-30	40.86000061035156	41.58000183105469	40.529998779296875	41.22999954223633	40.898658752441406	19692943
2020-12-31	41.11000061035156	42.5	41.0099983215332	42.2400016784668	41.900543212890625	24637148
2021-01-04	42.20000076293945	42.45000076293945	41.34000015258789	41.849998474121094	41.513671875	27738219
2021-01-05	41.709999084472656	44.290000915527344	41.58000183105469	44.279998779296875	43.92414474487305	45853487
2021-01-06	45.0	45.95000076293945	44.029998779296875	45.650001525878906	45.283138275146484	53386871
2021-01-07	45.65999984741211	47.959999084472656	45.220001220703125	47.470001220703125	47.0885124206543	60443185
2021-01-08	47.61000061035156	50.41999816894531	47.2599983215332	50.38999938964844	49.985042572021484	66300422
2021-01-11	50.459999084472656	52.119998931884766	48.11000061035156	49.95000076293945	49.548580169677734	62861959
2021-01-12	49.29999923706055	53.33000183105469	49.0099983215332	52.970001220703125	52.5443115234375	52314267
2021-01-13	52.970001220703125	53.38999938964844	51.0	52.27000045776367	51.849937438964844	38941576
2021-01-14	52.27000045776367	52.560001373291016	48.5099983215332	50.93000030517578	50.52070617675781	52148292
2021-01-15	50.20000076293945	50.43000030517578	48.59000015258789	49.33000183105469	48.933563232421875	34150902
2021-01-18	49.0	51.470001220703125	48.70000076293945	50.79999923706055	50.391746520996094	27961675
2021-01-19	50.790000915527344	52.47999954223633	50.5099983215332	51.20000076293945	50.788536071777344	31096621
2021-01-20	51.2400016784668	51.54999923706055	49.63999938964844	49.7400016784668	49.34027099609375	24022124
2021-01-21	49.70000076293945	51.11000061035156	49.09000015258789	49.16999816894531	48.774845123291016	27771483
2021-01-22	49.29999923706055	51.400001525878906	48.5099983215332	51.400001525878906	50.9869270324707	40762963
2021-01-25	51.45000076293945	51.880001068115234	49.29999923706055	49.33000183105469	48.933563232421875	35490654
2021-01-26	49.22999954223633	50.189998626708984	48.68000030517578	49.56999969482422	49.171634674072266	22943441
2021-01-27	49.02000045776367	49.25	46.84000015258789	47.77000045776367	47.38610076904297	27782970
2021-01-28	47.0099983215332	48.31999969482422	45.95000076293945	45.9900016784668	45.62040710449219	27703932
2021-01-29	46.209999084472656	46.68000030517578	45.0099983215332	45.9900016784668	45.62040710449219	22147763
2021-02-01	46.0	47.20000076293945	45.650001525878906	46.720001220703125	46.344539642333984	15992295
2021-02-02	46.70000076293945	47.779998779296875	45.90999984741211	47.70000076293945	47.3166618347168	17659003
2021-02-03	47.439998626708984	48.099998474121094	46.529998779296875	46.75	46.374298095703125	16452389
2021-02-04	46.25	47.380001068115234	45.5	46.06999969482422	45.69976043701172	14616689
2021-02-05	46.279998779296875	50.65999984741211	46.0	50.0	49.59817886352539	43923818
2021-02-08	49.900001525878906	51.18000030517578	49.2400016784668	50.52000045776367	50.11399841308594	33158645
2021-02-09	50.209999084472656	51.290000915527344	48.86000061035156	50.83000183105469	50.4215087890625	31532221
2021-02-10	51.060001373291016	54.5	50.29999923706055	53.97999954223633	53.54619216918945	46789274
2021-02-18	54.310001373291016	54.400001525878906	49.599998474121094	49.65999984741211	49.26091003417969	50028385
2021-02-19	48.5	49.029998779296875	46.65999984741211	48.06999969482422	47.68368911743164	32971417
2021-02-22	47.66999816894531	48.20000076293945	46.79999923706055	47.11000061035156	46.73140335083008	22764039
2021-02-23	46.790000915527344	48.119998931884766	46.68000030517578	47.630001068115234	47.24722671508789	17043902
2021-02-24	47.599998474121094	47.61000061035156	44.220001220703125	44.599998474121094	44.241573333740234	35987110
2021-02-25	44.70000076293945	44.91999816894531	42.22999954223633	42.400001525878906	42.05925750732422	32625040
2021-02-26	41.9900016784668	43.369998931884766	41.29999923706055	42.779998779296875	42.43619918823242	21829200
2021-03-01	42.9900016784668	43.18000030517578	42.31999969482422	43.0	42.65443420410156	16587718
2021-03-02	43.0	43.0	42.0	42.20000076293945	41.860862731933594	16416016
2021-03-03	42.0099983215332	42.709999084472656	41.86000061035156	42.709999084472656	42.366764068603516	12127592
2021-03-04	42.20000076293945	42.38999938964844	41.31999969482422	41.61000061035156	41.275604248046875	15845623
2021-03-05	40.900001525878906	41.849998474121094	40.7599983215332	41.45000076293945	41.11688995361328	11954565
2021-03-08	41.650001525878906	41.970001220703125	39.54999923706055	39.54999923706055	39.23215866088867	22568273
2021-03-09	39.54999923706055	39.70000076293945	35.970001220703125	37.75	37.446624755859375	27150032
2021-03-10	38.290000915527344	38.380001068115234	36.93000030517578	37.34000015258789	37.039920806884766	18138826
2021-03-11	39.45000076293945	40.52000045776367	38.459999084472656	40.040000915527344	39.718223571777344	30646012
2021-03-12	39.900001525878906	40.43000030517578	38.959999084472656	39.95000076293945	39.628944396972656	18492947
2021-03-15	39.83000183105469	39.83000183105469	38.29999923706055	38.619998931884766	38.30963134765625	15143650
2021-03-16	39.20000076293945	39.779998779296875	38.959999084472656	39.41999816894531	39.10320281982422	15417909
2021-03-17	39.310001373291016	40.470001220703125	39.16999816894531	39.56999969482422	39.25199890136719	13344665
2021-03-18	39.599998474121094	40.20000076293945	39.29999923706055	39.81999969482422	39.4999885559082	12238467
2021-03-19	39.20000076293945	39.560001373291016	38.36000061035156	38.7400016784668	38.42866897583008	13502185
2021-03-22	38.7400016784668	39.790000915527344	38.599998474121094	39.400001525878906	39.08336639404297	11074238
2021-03-23	39.63999938964844	39.939998626708984	38.70000076293945	39.209999084472656	38.89488983154297	10485822
2021-03-24	38.79999923706055	39.38999938964844	38.18000030517578	38.31999969482422	38.01204299926758	9289760
2021-03-25	38.43000030517578	38.75	37.72999954223633	38.540000915527344	38.23027801513672	7802186
2021-03-26	38.54999923706055	40.0	38.54999923706055	39.75	39.4305534362793	15196188
2021-03-29	40.0	40.70000076293945	39.70000076293945	40.130001068115234	39.807498931884766	15319675
2021-03-30	40.220001220703125	40.849998474121094	39.95000076293945	40.7400016784668	40.41259765625	16171687
2021-03-31	40.61000061035156	40.900001525878906	39.400001525878906	39.75	39.4305534362793	17959208
2021-04-01	39.630001068115234	40.2599983215332	39.599998474121094	40.119998931884766	39.797576904296875	11257615
2021-04-02	40.220001220703125	40.34000015258789	39.40999984741211	40.279998779296875	39.95629119873047	15147322
2021-04-06	40.380001068115234	41.599998474121094	40.150001525878906	41.27000045776367	40.93833541870117	19700468
2021-04-07	40.97999954223633	41.27000045776367	39.90999984741211	41.09000015258789	40.75978469848633	17762480
2021-04-08	40.77000045776367	43.099998474121094	40.619998931884766	42.7400016784668	42.39652633666992	32392988
2021-04-09	42.88999938964844	42.88999938964844	41.310001373291016	41.709999084472656	41.37479782104492	18735305
2021-04-12	41.400001525878906	42.0	40.70000076293945	40.95000076293945	40.62091064453125	12688195
2021-04-13	40.560001373291016	41.970001220703125	40.5099983215332	41.18000030517578	40.84906005859375	13142440
2021-04-14	41.310001373291016	42.470001220703125	41.209999084472656	42.18000030517578	41.84102249145508	19990566
2021-04-15	42.18000030517578	42.880001068115234	41.90999984741211	42.810001373291016	42.46596145629883	14912529
2021-04-16	42.810001373291016	43.220001220703125	41.88999938964844	42.779998779296875	42.43619918823242	12116242
2021-04-19	43.349998474121094	44.849998474121094	42.7599983215332	44.130001068115234	43.775352478027344	25023222
2021-04-20	45.79999923706055	46.0	44.150001525878906	44.380001068115234	44.023345947265625	25069539
2021-04-21	43.880001068115234	45.54999923706055	43.70000076293945	44.22999954223633	43.874549865722656	27939629
2021-04-22	44.529998779296875	44.56999969482422	42.79999923706055	43.189998626708984	42.84290313720703	27069782
2021-04-23	43.38999938964844	43.86000061035156	42.91999816894531	43.310001373291016	42.961944580078125	23913041
2021-04-26	44.220001220703125	45.880001068115234	44.06999969482422	44.400001525878906	44.043182373046875	41836359
2021-04-27	44.47999954223633	45.290000915527344	43.84000015258789	44.869998931884766	44.509403228759766	26536748
2021-04-28	44.599998474121094	45.20000076293945	43.470001220703125	44.77000045776367	44.41020965576172	31494176
2021-04-29	44.34000015258789	44.65999984741211	43.04999923706055	43.060001373291016	42.713951110839844	27565634
2021-04-30	41.939998626708984	42.97999954223633	41.08000183105469	42.08000183105469	41.74182891845703	33815388
2021-05-06	41.70000076293945	41.70000076293945	39.5	39.709999084472656	39.390872955322266	36895330
2021-05-07	39.75	40.099998474121094	38.25	38.25	37.94260787963867	25751960
2021-05-10	38.599998474121094	39.439998626708984	38.18000030517578	38.70000076293945	38.38899230957031	22604760
2021-05-11	38.380001068115234	38.79999923706055	37.79999923706055	38.650001525878906	38.339393615722656	18623071
2021-05-12	38.77000045776367	39.16999816894531	38.029998779296875	39.130001068115234	38.81553649902344	19716486
2021-05-13	38.63999938964844	39.650001525878906	38.5	39.22999954223633	38.914730072021484	21231019
2021-05-14	39.2599983215332	40.70000076293945	38.70000076293945	40.25	39.92653274536133	28564878
2021-05-17	40.36000061035156	41.290000915527344	40.099998474121094	40.380001068115234	40.05548858642578	26797683
2021-05-18	40.380001068115234	40.5	39.27000045776367	39.58000183105469	39.26192092895508	19765365
2021-05-19	39.47999954223633	39.47999954223633	38.79999923706055	39.099998474121094	38.78577423095703	19320726
2021-05-20	38.88999938964844	39.88999938964844	38.880001068115234	39.439998626708984	39.123043060302734	18508546
2021-05-21	39.68000030517578	39.779998779296875	38.45000076293945	38.59000015258789	38.27987289428711	20849586
2021-05-24	38.66999816894531	39.529998779296875	37.88999938964844	39.220001220703125	38.90481185913086	17440108
2021-05-25	39.86000061035156	40.63999938964844	39.709999084472656	40.59000015258789	40.26380157470703	30217029
2021-05-26	40.59000015258789	41.0	40.08000183105469	40.150001525878906	39.82733917236328	22218653
2021-05-27	40.290000915527344	40.810001373291016	39.709999084472656	40.810001373291016	40.482032775878906	19926009
2021-05-28	40.86000061035156	40.93000030517578	39.709999084472656	39.91999816894531	39.59918212890625	18878760
2021-05-31	39.93000030517578	41.130001068115234	39.93000030517578	40.400001525878906	40.0753288269043	22359436
2021-06-01	40.5	41.11000061035156	39.720001220703125	40.04999923706055	39.72814178466797	22844195
2021-06-02	40.119998931884766	40.189998626708984	38.63999938964844	38.79999923706055	38.48818588256836	27618829
2021-06-03	38.79999923706055	39.150001525878906	38.38999938964844	38.43000030517578	38.121158599853516	15864086
2021-06-04	38.45000076293945	39.04999923706055	38.29999923706055	38.790000915527344	38.478267669677734	11838715
2021-06-07	38.9900016784668	39.02000045776367	38.52000045776367	38.849998474121094	38.537784576416016	10541416
2021-06-08	38.939998626708984	39.0099983215332	38.22999954223633	38.38999938964844	38.08148193359375	13138418
2021-06-09	38.400001525878906	38.599998474121094	38.13999938964844	38.52000045776367	38.2104377746582	9180075
2021-06-10	38.529998779296875	38.77000045776367	38.25	38.279998779296875	37.97236251831055	12725548
2021-06-11	38.29999923706055	38.36000061035156	36.880001068115234	37.0	36.70265197753906	27917204
2021-06-15	37.0099983215332	37.880001068115234	36.5	37.08000183105469	36.78200912475586	16257328
2021-06-16	37.209999084472656	37.279998779296875	36.5	36.779998779296875	36.48441696166992	12316074
2021-06-17	36.779998779296875	37.060001373291016	36.54999923706055	36.689998626708984	36.3951416015625	8181488
2021-06-18	36.68000030517578	36.68000030517578	36.04999923706055	36.13999938964844	35.84956359863281	12404992
2021-06-21	36.0	37.77000045776367	35.650001525878906	37.59000015258789	37.28791046142578	17472070
2021-06-22	37.650001525878906	37.689998626708984	37.11000061035156	37.33000183105469	37.03000259399414	10017577
2021-06-23	37.279998779296875	37.279998779296875	36.459999084472656	36.66999816894531	36.66999816894531	11388540
2021-06-24	36.5	36.599998474121094	36.130001068115234	36.2400016784668	36.2400016784668	8639612
2021-06-25	36.2400016784668	37.15999984741211	36.11000061035156	36.939998626708984	36.939998626708984	13099387
2021-06-28	37.0	37.63999938964844	36.54999923706055	37.38999938964844	37.38999938964844	16210749
2021-06-29	37.209999084472656	37.650001525878906	36.900001525878906	37.02000045776367	37.02000045776367	11655219
2021-06-30	37.0099983215332	37.290000915527344	36.5	36.68000030517578	36.68000030517578	12107212
2021-07-01	36.68000030517578	37.4900016784668	36.40999984741211	37.06999969482422	37.06999969482422	16165846
2021-07-02	37.0	37.349998474121094	36.52000045776367	36.54999923706055	36.54999923706055	17266440
2021-07-05	36.400001525878906	38.380001068115234	36.060001373291016	37.380001068115234	37.380001068115234	24472792
2021-07-06	37.310001373291016	38.08000183105469	36.5	37.20000076293945	37.20000076293945	18610759
2021-07-07	36.880001068115234	37.0	36.29999923706055	36.599998474121094	36.599998474121094	15446738
2021-07-08	36.54999923706055	36.70000076293945	35.529998779296875	35.58000183105469	35.58000183105469	21029093
2021-07-09	35.5	36.08000183105469	35.41999816894531	35.90999984741211	35.90999984741211	12903019
2021-07-12	36.189998626708984	38.400001525878906	35.79999923706055	38.0	38.0	44634949
2021-07-13	38.29999923706055	38.349998474121094	37.58000183105469	37.91999816894531	37.91999816894531	20786157
2021-07-14	37.970001220703125	39.20000076293945	37.720001220703125	38.5	38.5	38823036
2021-07-15	38.52000045776367	38.54999923706055	37.29999923706055	37.7599983215332	37.7599983215332	21058048
2021-07-16	37.7599983215332	37.83000183105469	36.900001525878906	37.029998779296875	37.029998779296875	17245981
2021-07-19	36.86000061035156	37.66999816894531	36.470001220703125	37.41999816894531	37.41999816894531	15701127
2021-07-20	37.400001525878906	39.65999984741211	37.279998779296875	39.52000045776367	39.52000045776367	48979728
2021-07-21	39.0	39.88999938964844	38.95000076293945	39.599998474121094	39.599998474121094	36737727
2021-07-22	39.47999954223633	39.47999954223633	38.599998474121094	38.900001525878906	38.900001525878906	23682746
2021-07-23	38.599998474121094	39.2400016784668	37.79999923706055	38.119998931884766	38.119998931884766	22259454
2021-07-26	38.18000030517578	38.5	36.209999084472656	36.459999084472656	36.459999084472656	26528953
2021-07-27	36.20000076293945	37.0	35.63999938964844	35.88999938964844	35.88999938964844	22521660
2021-07-28	36.0	36.95000076293945	35.5099983215332	36.900001525878906	36.900001525878906	20319760
2021-07-29	37.150001525878906	37.439998626708984	36.40999984741211	36.790000915527344	36.790000915527344	19573491
2021-07-30	36.540000915527344	37.2400016784668	35.70000076293945	36.790000915527344	36.790000915527344	20254771
